"Data Source","World Development Indicators",

"Last Updated Date","2026-01-28",

"Country Name","Country Code","Indicator Name","Indicator Code","1960","1961","1962","1963","1964","1965","1966","1967","1968","1969","1970","1971","1972","1973","1974","1975","1976","1977","1978","1979","1980","1981","1982","1983","1984","1985","1986","1987","1988","1989","1990","1991","1992","1993","1994","1995","1996","1997","1998","1999","2000","2001","2002","2003","2004","2005","2006","2007","2008","2009","2010","2011","2012","2013","2014","2015","2016","2017","2018","2019","2020","2021","2022","2023","2024",
"Aruba","ABW","Carbon dioxide (CO2) emissions from Agriculture (Mt CO2e)","EN.GHG.CO2.AG.MT.CE.AR5","","","","","","","","","","","","","","","","","","","","","","","","","","","","","","","","","","","","","","","","","","","","","","","","","","","","","","","","","","","","","","","","","",
"Africa Eastern and Southern","AFE","Carbon dioxide (CO2) emissions from Agriculture (Mt CO2e)","EN.GHG.CO2.AG.MT.CE.AR5","","","","","","","","","","","0.624","0.624","0.624","0.624","0.7003","0.7759","0.6749","0.5974","0.5624","0.6379","0.766","0.8544","0.8394","0.669","0.7217","0.7287","0.6699","0.6563","0.7476","0.6887","0.7038","0.6818","0.6432","0.7527","0.6921","0.5858","0.8806","0.8214","0.8138","0.8197","0.8608","0.9207","0.9428","0.7281","0.9752","0.8601","0.9882","0.9633","0.937","0.9713","1.1917","1.2226","1.3183","1.7751","1.9703","1.8027","2.2319","2.0331","1.9691","1.8839","2.2254","2.6219","2.6826","2.7646","2.8442",
"Afghanistan","AFG","Carbon dioxide (CO2) emissions from Agriculture (Mt CO2e)","EN.GHG.CO2.AG.MT.CE.AR5","","","","","","","","","","","0.0292","0.0292","0.0292","0.0292","0.04","0.0453","0.0506","0.0614","0.0589","0.0555","0.0613","0.0473","0.0628","0.0604","0.087","0.0877","0.0813","0.0887","0.0796","0.0798","0.0694","0.0685","0.0625","0.0629","0","0","0.0079","0.0079","0.0086","0.0079","0.0079","0.038","0.0327","0.0361","0.0409","0.0503","0","0","0","0","0","0","0.0629","0.0552","0.0845","0.117","0.163","0.3113","0.1613","0.1513","0.0648","0.0405","0.0531","0.0524","0.0518",
"Africa Western and Central","AFW","Carbon dioxide (CO2) emissions from Agriculture (Mt CO2e)","EN.GHG.CO2.AG.MT.CE.AR5","","","","","","","","","","","0.0701","0.0701","0.0701","0.0701","0.0698","0.0806","0.0834","0.129","0.1061","0.1448","0.1804","0.2346","0.1537","0.2077","0.1965","0.2043","0.1066","0.087","0.1529","0.1497","0.1314","0.1164","0.1153","0.1312","0.1429","0.093","0.1312","0.1716","0.2222","0.2616","0.2423","0.3231","0.272","0.2624","0.2801","0.2551","0.3534","0.2741","0.3529","0.3096","0.6108","0.2471","0.4507","0.9263","0.6641","0.5897","0.7523","1.236","1.1091","1.1848","1.1904","1.6439","1.4155","1.4556","1.514",
"Angola","AGO","Carbon dioxide (CO2) emissions from Agriculture (Mt CO2e)","EN.GHG.CO2.AG.MT.CE.AR5","","","","","","","","","","","","","","","","","","","","","","","","","","","","","","","","","","","","","","","","","","","","","","","","","","","","","","","","","","","","","","","","","",
"Albania","ALB","Carbon dioxide (CO2) emissions from Agriculture (Mt CO2e)","EN.GHG.CO2.AG.MT.CE.AR5","","","","","","","","","","","0.1133","0.1133","0.1133","0.1133","0.1136","0.1125","0.1278","0.1351","0.1696","0.168","0.163","0.1705","0.1678","0.1729","0.1776","0.1776","0.1776","0.1606","0.1691","0.193","0.1653","0.035","0.0233","0.0273","0.0315","0.0283","0.0154","0.0106","0.0388","0.0118","0.0166","0.0224","0.0517","0.0386","0.06","0.0103","0.0422","0.0418","0.0302","0.0267","0.0226","0.0302","0.0542","0.034","0.0535","0.0565","0.0474","0.0542","0.0465","0.0664","0.0606","0.0483","0.0607","0.062","0.0633",
"Andorra","AND","Carbon dioxide (CO2) emissions from Agriculture (Mt CO2e)","EN.GHG.CO2.AG.MT.CE.AR5","","","","","","","","","","","","","","","","","","","","","","","","","","","","","","","","","","","","","","","","","","","","","","","","","","","","","","","","","","","","","","","","","",
"Arab World","ARB","Carbon dioxide (CO2) emissions from Agriculture (Mt CO2e)","EN.GHG.CO2.AG.MT.CE.AR5","","","","","","","","","","","1.6891","1.6891","1.6891","1.6891","1.5848","1.6176","1.7862","1.7594","1.8591","2.3978","2.7017","2.393","2.4456","2.4308","2.6918","2.7863","3.3726","3.4139","3.4636","3.3574","3.4732","3.3936","3.3408","3.9284","3.5896","4.3986","4.2793","4.3319","4.3575","4.3868","4.7746","4.7666","4.9763","4.1435","4.8275","4.7857","4.4493","4.2779","3.9923","4.2275","4.1204","4.2761","3.8541","3.9962","4.0904","4.2252","4.7872","4.6697","4.9397","4.6115","4.1322","3.7838","4.017","3.9489","3.9359",
"United Arab Emirates","ARE","Carbon dioxide (CO2) emissions from Agriculture (Mt CO2e)","EN.GHG.CO2.AG.MT.CE.AR5","","","","","","","","","","","","","","","","","","","","","","","","","","","","","","","","","","","","","","","","","","","","","","","","","","","","","","","","","","","","","","","","","",
"Argentina","ARG","Carbon dioxide (CO2) emissions from Agriculture (Mt CO2e)","EN.GHG.CO2.AG.MT.CE.AR5","","","","","","","","","","","0.1043","0.1043","0.1043","0.1043","0.0872","0.0773","0.0701","0.1111","0.118","0.1378","0.1373","0.0943","0.0982","0.1156","0.1785","0.1792","0.159","0.1607","0.1745","0.1701","0.1751","0.1668","0.2572","0.2819","0.4687","0.5434","0.8232","0.787","0.6774","0.7335","0.7621","0.869","0.8453","1.1625","1.3602","1.0349","1.2444","1.3638","0.9172","0.8071","1.0345","1.1154","0.9247","1","1.1466","0.8923","1.3858","1.2784","1.5921","1.7031","1.9255","2.0714","1.9415","2.0385","2.1541",
"Armenia","ARM","Carbon dioxide (CO2) emissions from Agriculture (Mt CO2e)","EN.GHG.CO2.AG.MT.CE.AR5","","","","","","","","","","","0.0553","0.0553","0.0553","0.0553","0.06","0.06","0.0634","0.0712","0.0729","0.075","0.077","0.0772","0.0771","0.0821","0.0821","0.084","0.0872","0.0893","0.0829","0.0676","0.0634","0.0593","0.0551","0.051","0.0468","0.0426","0.0385","0.0251","0.0302","0.0192","0.022","0.0157","0.0138","0.0047","0.0497","0.0446","0","0.0226","0.0113","0.014","0.011","0.011","0.0189","0.0328","0.0352","0.0339","0.0394","0.0525","0.0511","0.061","0.0558","0.0446","0.0418","0.042","0.0422",
"American Samoa","ASM","Carbon dioxide (CO2) emissions from Agriculture (Mt CO2e)","EN.GHG.CO2.AG.MT.CE.AR5","","","","","","","","","","","","","","","","","","","","","","","","","","","","","","","","","","","","","","","","","","","","","","","","","","","","","","","","","","","","","","","","","",
"Antigua and Barbuda","ATG","Carbon dioxide (CO2) emissions from Agriculture (Mt CO2e)","EN.GHG.CO2.AG.MT.CE.AR5","","","","","","","","","","","","","","","","","","","","","","","","","","","","","","","","","","","","","","","","","","","","","","","","","","","","","","","","","","","","","","","","","",
"Australia","AUS","Carbon dioxide (CO2) emissions from Agriculture (Mt CO2e)","EN.GHG.CO2.AG.MT.CE.AR5","","","","","","","","","","","0.3111","0.3111","0.3111","0.3111","0.3111","0.2682","0.2467","0.2306","0.2656","0.3326","0.3195","0.286","0.2881","0.362","0.3934","0.4002","0.3944","0.443","0.4604","0.5338","0.5468","0.5814","0.5931","0.6508","0.7026","0.8185","0.9904","1.0933","1.2184","1.4195","1.253","1.3771","1.6824","1.5745","1.7662","1.6164","1.5009","1.4408","1.4447","1.4902","1.6956","1.8323","1.8509","2.1693","2.3129","2.3249","2.5426","2.9498","2.1307","2.2756","2.6643","3.2539","2.8627","2.8103","2.7917",
"Austria","AUT","Carbon dioxide (CO2) emissions from Agriculture (Mt CO2e)","EN.GHG.CO2.AG.MT.CE.AR5","","","","","","","","","","","0.0064","0.0064","0.0064","0.0064","0.0052","0.005","0.0052","0.0046","0.0041","0.0039","0.0053","0.0049","0.0067","0.0093","0.009","0.0075","0.0086","0.0088","0.01","0.0087","0.0127","0.011","0.011","0.0131","0.0157","0.012","0.012","0.012","0.012","0.0136","0.012","0.012","0.012","0.0162","0.0225","0.0144","0.0353","0.054","0.033","0.0409","0.0314","0.0278","0.0419","0.0603","0.0629","0.0811","0.0715","0.0664","0.0541","0.0529","0.0502","0.0399","0.0409","0.0419","0.0431",
"Azerbaijan","AZE","Carbon dioxide (CO2) emissions from Agriculture (Mt CO2e)","EN.GHG.CO2.AG.MT.CE.AR5","","","","","","","","","","","0.0415","0.0415","0.0415","0.0415","0.045","0.045","0.0476","0.0534","0.0547","0.0562","0.0577","0.0579","0.0578","0.0615","0.0616","0.063","0.0654","0.067","0.0622","0.0507","0.0476","0.0445","0.0413","0.0382","0.0351","0.032","0.0289","0.0257","0.0313","0.0426","0.0066","0.031","0.052","0.1084","0.0581","0.049","0.0669","0.0559","0.0974","0.0612","0.0514","0.0739","0.0623","0.0588","0.1051","0.1031","0.0959","0.1323","0.1626","0.2413","0.2612","0.1326","0.1657","0.1895","0.2177",
"Burundi","BDI","Carbon dioxide (CO2) emissions from Agriculture (Mt CO2e)","EN.GHG.CO2.AG.MT.CE.AR5","","","","","","","","","","","","","","","","","","","","","","","","","","","","","","","","","","","","","","","","","","","","","","","","","","","","","","","","","","","","","","","","","",
"Belgium","BEL","Carbon dioxide (CO2) emissions from Agriculture (Mt CO2e)","EN.GHG.CO2.AG.MT.CE.AR5","","","","","","","","","","","0.0417","0.0417","0.0417","0.0417","0.0379","0.0425","0.0387","0.0331","0.0302","0.0313","0.0325","0.0308","0.0294","0.0275","0.0269","0.0269","0.025","0.0251","0.0225","0.0178","0.0183","0.0262","0.0199","0.0199","0.0199","0.0325","0.0325","0.0325","0.0304","0.0278","0.0435","0.0477","0.054","0.0587","0.054","0.054","0.054","0.0665","0.0477","0.0602","0.045","0.045","0.045","0.0466","0.0466","0.0403","0.0403","0.0403","0.0403","0.0403","0.0403","0.0367","0.0296","0.0268","0.0253",
"Benin","BEN","Carbon dioxide (CO2) emissions from Agriculture (Mt CO2e)","EN.GHG.CO2.AG.MT.CE.AR5","","","","","","","","","","","","","","","","","","","","","","","","","","","","","","","","","","","","","","","","","","","","","","","","","","","","","","","","","","","","","","","","","",
"Burkina Faso","BFA","Carbon dioxide (CO2) emissions from Agriculture (Mt CO2e)","EN.GHG.CO2.AG.MT.CE.AR5","","","","","","","","","","","","","","","","","","","","","","","","","","","","","","","","","","","","","","","","","","","","","","","","","","","","","","","","","","","","","","","","","",
"Bangladesh","BGD","Carbon dioxide (CO2) emissions from Agriculture (Mt CO2e)","EN.GHG.CO2.AG.MT.CE.AR5","","","","","","","","","","","0.2085","0.2085","0.2085","0.2085","0.1344","0.2367","0.2667","0.3583","0.3658","0.4205","0.4273","0.4083","0.4982","0.5617","0.6138","0.5879","0.6741","0.7515","0.8396","0.9927","0.9601","1.1148","1.1263","1.1654","1.2677","1.4918","1.5743","1.3857","1.3999","1.6308","1.5842","1.6987","1.6703","1.7308","1.8729","1.8464","1.8575","2.0326","1.8533","1.8255","1.9763","1.8083","1.791","1.8303","2.1339","2.0547","1.967","2.0311","2.1479","2.1905","2.3225","2.5674","2.3972","2.4704","2.551",
"Bulgaria","BGR","Carbon dioxide (CO2) emissions from Agriculture (Mt CO2e)","EN.GHG.CO2.AG.MT.CE.AR5","","","","","","","","","","","0.9179","0.9179","0.9179","0.9179","0.9394","0.97","0.9205","0.8157","0.8267","0.8838","0.9389","1.1138","1.0301","1.0304","0.8712","0.8343","0.7625","0.7411","0.8552","0.7485","0.7024","0.5744","0.5098","0.4961","0.6173","0.3489","0.4353","0.3643","0.3127","0.2316","0.4075","0.4149","0.3658","0.3724","0.3819","0.385","0.3803","0.3881","0.3174","0.4463","0.5217","0.5374","0.6933","0.6024","0.8721","0.6977","0.9097","0.8438","0.7574","0.8432","0.8721","0.8457","0.8465","0.7933","0.789",
"Bahrain","BHR","Carbon dioxide (CO2) emissions from Agriculture (Mt CO2e)","EN.GHG.CO2.AG.MT.CE.AR5","","","","","","","","","","","","","","","","","","","","","","","","","","","","","","","","","","","","","","","","","","","","","","","","","","","","","","","","","","","","","","","","","",
"Bahamas, The","BHS","Carbon dioxide (CO2) emissions from Agriculture (Mt CO2e)","EN.GHG.CO2.AG.MT.CE.AR5","","","","","","","","","","","","","","","","","","","","","","","","","","","","","","","","","","","","","","","","","","","","","","","","","","","","","","","","","","","","","","","","","",
"Bosnia and Herzegovina","BIH","Carbon dioxide (CO2) emissions from Agriculture (Mt CO2e)","EN.GHG.CO2.AG.MT.CE.AR5","","","","","","","","","","","0","0","0","0","0","0","0","0","0","0","0","0","0","0","0","0","0","0","0","0","0","0","0","0","0","0","0","0","0.0063","0.0157","0.0217","0.0104","0.0132","0.0294","0.0209","0.0269","0.0171","0.0217","0.0082","0.0104","0.0132","0.0214","0.0189","0.0195","0.0123","0.0185","0.0261","0.0294","0.0253","0.0186","0.0226","0.0079","0.0146","0.0123","0.0107",
"Belarus","BLR","Carbon dioxide (CO2) emissions from Agriculture (Mt CO2e)","EN.GHG.CO2.AG.MT.CE.AR5","","","","","","","","","","","0","0","0","0","0","0","0","0","0","0","0","0","0","0","0","0","0","0","0","0","0","0","0","0","0","0","0","0","0","0","0","0","0","0","0","0","0","0","0.9086","0.9591","0.9209","0.7904","0.6982","0.6998","0.6694","0.5535","0.3866","0.5474","0.6165","0.5371","0.5486","0.4772","0.5974","0.6327","0.671",
"Belize","BLZ","Carbon dioxide (CO2) emissions from Agriculture (Mt CO2e)","EN.GHG.CO2.AG.MT.CE.AR5","","","","","","","","","","","","","","","","","","","","","","","","","","","","","","","","","","","","","","","","","","","","","","","","","","","","","","","","","","","","","","","","","",
"Bermuda","BMU","Carbon dioxide (CO2) emissions from Agriculture (Mt CO2e)","EN.GHG.CO2.AG.MT.CE.AR5","","","","","","","","","","","","","","","","","","","","","","","","","","","","","","","","","","","","","","","","","","","","","","","","","","","","","","","","","","","","","","","","","",
"Bolivia","BOL","Carbon dioxide (CO2) emissions from Agriculture (Mt CO2e)","EN.GHG.CO2.AG.MT.CE.AR5","","","","","","","","","","","","","","","","","","","","","","","","","","","","","","","","","","","","","","","","","","","","","","","","","","","","","","","","","","","","","","","","","",
"Brazil","BRA","Carbon dioxide (CO2) emissions from Agriculture (Mt CO2e)","EN.GHG.CO2.AG.MT.CE.AR5","","","","","","","","","","","1.141","1.141","1.141","1.141","1.1402","1.2374","1.4647","1.973","1.975","2.1892","2.4656","1.9265","1.841","1.4075","2.0375","1.9388","2.4062","2.3733","2.0433","1.9025","2.0412","2.1935","2.179","2.6667","3.0113","2.9519","3.32","3.7516","3.8916","4.0769","5.3531","4.6632","4.8024","6.1552","5.5717","5.0883","5.5211","7.1531","6.3065","6.28","6.4277","8.3606","7.9279","8.4148","8.5961","7.98","9.3097","9.3658","9.2282","9.7931","11.523","12.832","12.8878","12.9431","13.1986",
"Barbados","BRB","Carbon dioxide (CO2) emissions from Agriculture (Mt CO2e)","EN.GHG.CO2.AG.MT.CE.AR5","","","","","","","","","","","","","","","","","","","","","","","","","","","","","","","","","","","","","","","","","","","","","","","","","","","","","","","","","","","","","","","","","",
"Brunei Darussalam","BRN","Carbon dioxide (CO2) emissions from Agriculture (Mt CO2e)","EN.GHG.CO2.AG.MT.CE.AR5","","","","","","","","","","","","","","","","","","","","","","","","","","","","","","","","","","","","","","","","","","","","","","","","","","","","","","","","","","","","","","","","","",
"Bhutan","BTN","Carbon dioxide (CO2) emissions from Agriculture (Mt CO2e)","EN.GHG.CO2.AG.MT.CE.AR5","","","","","","","","","","","","","","","","","","","","","","","","","","","","","","","","","","","","","","","","","","","","","","","","","","","","","","","","","","","","","","","","","",
"Botswana","BWA","Carbon dioxide (CO2) emissions from Agriculture (Mt CO2e)","EN.GHG.CO2.AG.MT.CE.AR5","","","","","","","","","","","","","","","","","","","","","","","","","","","","","","","","","","","","","","","","","","","","","","","","","","","","","","","","","","","","","","","","","",
"Central African Republic","CAF","Carbon dioxide (CO2) emissions from Agriculture (Mt CO2e)","EN.GHG.CO2.AG.MT.CE.AR5","","","","","","","","","","","","","","","","","","","","","","","","","","","","","","","","","","","","","","","","","","","","","","","","","","","","","","","","","","","","","","","","","",
"Canada","CAN","Carbon dioxide (CO2) emissions from Agriculture (Mt CO2e)","EN.GHG.CO2.AG.MT.CE.AR5","","","","","","","","","","","0.617","0.617","0.617","0.617","0.6542","0.7073","0.7191","0.8497","1.0305","1.2966","1.3008","1.271","1.3931","1.5789","1.7538","1.7521","1.5459","1.5504","1.5563","1.5262","1.427","1.5311","1.5644","1.7275","1.6495","1.8193","1.9831","2.1183","2.0377","2.0973","2.0798","2.1065","2.2432","2.209","2.0848","1.9698","2.4795","2.4319","2.3442","2.4911","2.7663","3.1803","3.3202","3.3174","3.4866","3.5877","3.4063","3.6552","3.7685","4.0945","4.1271","3.7412","3.9321","4.8456","4.887",
"Central Europe and the Baltics","CEB","Carbon dioxide (CO2) emissions from Agriculture (Mt CO2e)","EN.GHG.CO2.AG.MT.CE.AR5","","","","","","","","","","","7.3545","7.3545","7.3545","7.3545","7.5629","8.5641","8.1783","8.2127","9.428","9.1271","9.2385","9.6812","9.5472","10.0587","9.1924","9.0712","8.2495","7.6812","8.5792","8.1791","6.0042","3.8289","3.7701","4.2351","3.8215","3.6041","4.0305","3.9056","3.3253","3.1628","3.9667","4.0081","3.5992","3.7793","3.7689","3.7955","3.8929","4.0605","3.9789","4.2539","4.4191","4.6574","5.0362","4.8627","4.868","5.0608","5.3906","5.4115","4.9217","4.9944","5.2286","4.8161","4.3413","3.7067","3.6975",
"Switzerland","CHE","Carbon dioxide (CO2) emissions from Agriculture (Mt CO2e)","EN.GHG.CO2.AG.MT.CE.AR5","","","","","","","","","","","0.0136","0.0136","0.0136","0.0136","0.0042","0.0118","0.0245","0.0314","0.0387","0.0438","0.0421","0.0414","0.0458","0.051","0.0524","0.053","0.0524","0.0506","0.0514","0.058","0.0482","0.0346","0.0372","0.0372","0.055","0.0361","0.0424","0.0361","0.0346","0.0314","0.0424","0.033","0.0267","0.0314","0.0377","0.055","0.0534","0.0409","0.0314","0.0339","0.0267","0.0681","0.0598","0.0601","0.0461","0.0536","0.0582","0.049","0.0155","0.014","0.0428","0.0426","0.036","0.0407","0.0462",
"Channel Islands","CHI","Carbon dioxide (CO2) emissions from Agriculture (Mt CO2e)","EN.GHG.CO2.AG.MT.CE.AR5","","","","","","","","","","","","","","","","","","","","","","","","","","","","","","","","","","","","","","","","","","","","","","","","","","","","","","","","","","","","","","","","","",
"Chile","CHL","Carbon dioxide (CO2) emissions from Agriculture (Mt CO2e)","EN.GHG.CO2.AG.MT.CE.AR5","","","","","","","","","","","0.0556","0.0556","0.0556","0.0556","0.0409","0.0277","0.0278","0.0223","0.0373","0.0463","0.054","0.0489","0.0254","0.0523","0.0708","0.0874","0.1453","0.1637","0.1801","0.1964","0.237","0.2125","0.2362","0.2713","0.2724","0.3457","0.3722","0.3625","0.3876","0.3683","0.3159","0.3254","0.3321","0.3919","0.3952","0.3667","0.3656","0.3867","0.3787","0.3661","0.2911","0.2923","0.2971","0.2976","0.3009","0.2974","0.2901","0.2916","0.3326","0.3352","0.3466","0.3692","0.2777","0.2843","0.291",
"China","CHN","Carbon dioxide (CO2) emissions from Agriculture (Mt CO2e)","EN.GHG.CO2.AG.MT.CE.AR5","","","","","","","","","","","4.6383","4.6383","4.6383","4.6383","4.1737","5.6849","5.7357","6.8326","7.8257","9.8047","10.8146","10.3484","10.8586","11.9497","13.2849","12.4064","11.9214","14.4164","16.3946","16.5917","17.7969","18.2139","19.0504","15.8091","17.8813","23.6123","24.6342","23.2467","23.794","25.4477","24.1277","24.6966","31.1269","29.2422","29.9781","21.1181","23.5031","21.4833","20.4613","24.6089","21.3701","24.6059","25.3131","26.51","22.5878","24.6508","18.2058","15.1617","15.3779","17.1319","16.2812","15.9153","16.3139","16.6374","16.9691",
"Cote d'Ivoire","CIV","Carbon dioxide (CO2) emissions from Agriculture (Mt CO2e)","EN.GHG.CO2.AG.MT.CE.AR5","","","","","","","","","","","0.0047","0.0047","0.0047","0.0047","0.0075","0.0077","0.0079","0.0134","0.011","0.0115","0.0134","0.0126","0.0115","0.0082","0.0074","0.0044","0.0042","0.0035","0.0097","0.0105","0.0159","0.022","0.0236","0.0283","0.0377","0.0393","0.0566","0.0864","0.0754","0.0487","0.055","0.0418","0.0874","0.0327","0.0691","0.0519","0.0849","0.0629","0.0377","0.066","0.0703","0.0552","0.0688","0.0978","0.1159","0.0818","0.0884","0.0661","0.0529","0.1194","0.0828","0.1221","0.0739","0.0754","0.0773",
"Cameroon","CMR","Carbon dioxide (CO2) emissions from Agriculture (Mt CO2e)","EN.GHG.CO2.AG.MT.CE.AR5","","","","","","","","","","","0.033","0.033","0.033","0.033","0.033","0.033","0.0163","0.0456","0.0519","0.039","0.0399","0.0552","0.0517","0.0669","0.0581","0.0388","0.0094","0.0247","0.0314","0.027","0.0242","0.0173","0.0075","0.0171","0.022","0.022","0.0267","0.0206","0.0219","0.0454","0.0288","0.0545","0.0325","0.022","0.0542","0.0378","0.0295","0.0402","0.0242","0.0493","0.0501","0.0498","0.0489","0.0556","0.061","0.0798","0.0676","0.0832","0.0649","0.0981","0.0816","0.0678","0.1026","0.1065","0.1106",
"Congo, Dem. Rep.","COD","Carbon dioxide (CO2) emissions from Agriculture (Mt CO2e)","EN.GHG.CO2.AG.MT.CE.AR5","","","","","","","","","","","","","","","","","","","","","","","","","","","","","","","","","","","","","","","","","","","","","","","","","","","","","","","","","","","","","","","","","",
"Congo, Rep.","COG","Carbon dioxide (CO2) emissions from Agriculture (Mt CO2e)","EN.GHG.CO2.AG.MT.CE.AR5","","","","","","","","","","","","","","","","","","","","","","","","","","","","","","","","","","","","","","","","","","","","","","","","","","","","","","","","","","","","","","","","","",
"Colombia","COL","Carbon dioxide (CO2) emissions from Agriculture (Mt CO2e)","EN.GHG.CO2.AG.MT.CE.AR5","","","","","","","","","","","0.162","0.162","0.162","0.162","0.1603","0.1416","0.189","0.1922","0.1672","0.2099","0.2116","0.1886","0.1964","0.199","0.2354","0.2428","0.2811","0.3208","0.3494","0.3703","0.4503","0.4224","0.3687","0.3572","0.3783","0.3703","0.3279","0.3343","0.3901","0.4157","0.4551","0.4267","0.43","0.4011","0.4709","0.483","0.4583","0.4944","0.3591","0.4909","0.4504","0.5483","0.4862","0.5278","0.5519","0.8469","0.7219","0.6793","0.5936","0.5301","0.6579","0.7626","0.5134","0.4882","0.4654",
"Comoros","COM","Carbon dioxide (CO2) emissions from Agriculture (Mt CO2e)","EN.GHG.CO2.AG.MT.CE.AR5","","","","","","","","","","","","","","","","","","","","","","","","","","","","","","","","","","","","","","","","","","","","","","","","","","","","","","","","","","","","","","","","","",
"Cabo Verde","CPV","Carbon dioxide (CO2) emissions from Agriculture (Mt CO2e)","EN.GHG.CO2.AG.MT.CE.AR5","","","","","","","","","","","","","","","","","","","","","","","","","","","","","","","","","","","","","","","","","","","","","","","","","","","","","","","","","","","","","","","","","",
"Costa Rica","CRI","Carbon dioxide (CO2) emissions from Agriculture (Mt CO2e)","EN.GHG.CO2.AG.MT.CE.AR5","","","","","","","","","","","0.0534","0.0534","0.0534","0.0534","0.0534","0.055","0.0416","0.0691","0.0723","0.0597","0.0585","0.0597","0.0723","0.077","0.055","0.0647","0.0726","0.0599","0.0858","0.0951","0.0657","0.0684","0.0739","0.066","0.1006","0.0896","0.1259","0.1414","0.1399","0.11","0.1194","0.0849","0.0629","0.0467","0.0861","0.1","0.1205","0.1079","0.1223","0.1179","0.097","0.2192","0.1506","0.101","0.1597","0.1657","0.1642","0.1599","0.2204","0.1894","0.1569","0.144","0.1268","0.1301","0.1336",
"Caribbean small states","CSS","Carbon dioxide (CO2) emissions from Agriculture (Mt CO2e)","EN.GHG.CO2.AG.MT.CE.AR5","","","","","","","","","","","0.044","0.044","0.044","0.044","0.0333","0.027","0.027","0.0214","0.0281","0.027","0.0218","0.0157","0.0145","0.0132","0.0086","0.0038","0.0025","0.0025","0.0005","0.0008","0.0086","0.0086","0.0101","0.0039","0.0031","0.0031","0.0079","0.0079","0.0072","0.0072","0.0079","0.0079","0.0031","0.0031","0.0079","0.0079","0.0079","0.0079","0.0075","0.0079","0.0079","0.0079","0.0094","0.0094","0.0094","0.0094","0.0094","0.0094","0.0094","0.0094","0.0094","0.0094","0.0094","0.0094","0.0094",
"Cuba","CUB","Carbon dioxide (CO2) emissions from Agriculture (Mt CO2e)","EN.GHG.CO2.AG.MT.CE.AR5","","","","","","","","","","","0.4636","0.4636","0.4636","0.4636","0.4981","0.5264","0.6914","0.7511","0.7653","0.9743","0.9664","1.0683","0.9127","0.8019","0.9693","0.9856","1.0445","0.8473","0.7992","0.9812","0.8659","0.77","0.6969","0.3677","0.2546","0.2457","0.2713","0.3263","0.2855","0.1989","0.2208","0.0911","0.0581","0.0249","0.027","0.1242","0.1719","0.1395","0.1051","0.1091","0.1085","0.1252","0.127","0.1317","0.1647","0.1436","0.1068","0.1145","0.061","0.0357","0.0324","0.0317","0.0123","0.0123","0.0123",
"Curacao","CUW","Carbon dioxide (CO2) emissions from Agriculture (Mt CO2e)","EN.GHG.CO2.AG.MT.CE.AR5","","","","","","","","","","","","","","","","","","","","","","","","","","","","","","","","","","","","","","","","","","","","","","","","","","","","","","","","","","","","","","","","","",
"Cayman Islands","CYM","Carbon dioxide (CO2) emissions from Agriculture (Mt CO2e)","EN.GHG.CO2.AG.MT.CE.AR5","","","","","","","","","","","","","","","","","","","","","","","","","","","","","","","","","","","","","","","","","","","","","","","","","","","","","","","","","","","","","","","","","",
"Cyprus","CYP","Carbon dioxide (CO2) emissions from Agriculture (Mt CO2e)","EN.GHG.CO2.AG.MT.CE.AR5","","","","","","","","","","","0.0421","0.0421","0.0421","0.0421","0.011","0.0402","0.0283","0.0138","0.0105","0.0096","0.0082","0.0082","0.0082","0.0135","0.0141","0.0137","0.013","0.0171","0.0159","0.016","0.0159","0.0157","0.0198","0.0167","0.0162","0.0152","0.0168","0.0116","0.013","0.0137","0.0107","0.0102","0.0096","0.0104","0.0118","0.0063","0.0091","0.0046","0.0057","0.0041","0.0055","0.0061","0.0068","0.0031","0.0055","0.0041","0.0046","0.0036","0.0058","0.0039","0.0057","0.0035","0.0008","0.0006","0.0005",
"Czechia","CZE","Carbon dioxide (CO2) emissions from Agriculture (Mt CO2e)","EN.GHG.CO2.AG.MT.CE.AR5","","","","","","","","","","","1.6589","1.6589","1.6589","1.6589","1.3725","1.4161","1.5013","1.5174","1.7102","1.7275","1.8295","1.7852","1.7037","1.7291","1.6875","1.6625","1.1075","0.8139","1.0222","1.1313","0.9619","0.5213","0.5033","0.4972","0.1351","0.1748","0.256","0.2124","0.233","0.1959","0.2886","0.3008","0.2721","0.2454","0.2762","0.2331","0.1907","0.2212","0.166","0.1451","0.243","0.208","0.2022","0.2918","0.339","0.2824","0.2824","0.2972","0.198","0.1641","0.1489","0.1713","0.1792","0.1709","0.1733",
"Germany","DEU","Carbon dioxide (CO2) emissions from Agriculture (Mt CO2e)","EN.GHG.CO2.AG.MT.CE.AR5","","","","","","","","","","","1.5579","1.5579","1.5579","1.5579","1.5435","1.3305","1.6115","1.6201","1.5268","1.5933","1.626","1.6327","1.5761","1.524","1.4764","1.5086","1.6167","1.5637","1.5974","1.6751","0.4505","0.5128","0.4484","0.4101","0.5505","0.4583","0.2931","0.3085","0.3407","0.3636","0.4589","0.4447","0.4479","0.484","1.2427","1.2851","0.8288","0.874","1.0092","0.8329","1.0643","1.08","1.0599","1.104","1.1969","1.2637","1.192","1.2335","0.8856","0.8402","0.7343","0.6312","0.6808","0.6511","0.6217",
"Djibouti","DJI","Carbon dioxide (CO2) emissions from Agriculture (Mt CO2e)","EN.GHG.CO2.AG.MT.CE.AR5","","","","","","","","","","","","","","","","","","","","","","","","","","","","","","","","","","","","","","","","","","","","","","","","","","","","","","","","","","","","","","","","","",
"Dominica","DMA","Carbon dioxide (CO2) emissions from Agriculture (Mt CO2e)","EN.GHG.CO2.AG.MT.CE.AR5","","","","","","","","","","","","","","","","","","","","","","","","","","","","","","","","","","","","","","","","","","","","","","","","","","","","","","","","","","","","","","","","","",
"Denmark","DNK","Carbon dioxide (CO2) emissions from Agriculture (Mt CO2e)","EN.GHG.CO2.AG.MT.CE.AR5","","","","","","","","","","","0.0079","0.0079","0.0079","0.0079","0.0039","0.0072","0.0108","0.0088","0.0092","0.0098","0.0131","0.0136","0.0171","0.0168","0.0137","0.0119","0.0113","0.0141","0.0145","0.0243","0.0271","0.0238","0.0251","0.0299","0.0325","0.0697","0.0948","0.1121","0.1152","0.1152","0.1283","0.0948","0.0697","0.0822","0.0681","0.0681","0.0586","0.0564","0.0519","0.11","0.0697","0.0665","0.0602","0.0508","0.0595","0.0718","0.0563","0.0756","0.0737","0.1092","0.1114","0.0508","0.0626","0.0596","0.0595",
"Dominican Republic","DOM","Carbon dioxide (CO2) emissions from Agriculture (Mt CO2e)","EN.GHG.CO2.AG.MT.CE.AR5","","","","","","","","","","","0.127","0.127","0.127","0.127","0.0882","0.1248","0.0916","0.1279","0.1032","0.115","0.1084","0.1116","0.1142","0.1011","0.1193","0.1191","0.118","0.1312","0.0973","0.1418","0.1301","0.164","0.1299","0.1186","0.1318","0.1545","0.176","0.1838","0.1692","0.1621","0.1334","0.1848","0.1754","0.1506","0.1691","0.1307","0.1847","0.1071","0.1418","0.1889","0.1877","0.1439","0.1788","0.1384","0.1903","0.1672","0.1851","0.1686","0.189","0.1836","0.2077","0.1804","0.2179","0.2269","0.2366",
"Algeria","DZA","Carbon dioxide (CO2) emissions from Agriculture (Mt CO2e)","EN.GHG.CO2.AG.MT.CE.AR5","","","","","","","","","","","0.2213","0.2213","0.2213","0.2213","0.1653","0.1719","0.1841","0.1799","0.1675","0.1646","0.2234","0.1658","0.13","0.1421","0.2294","0.2389","0.2611","0.2159","0.1254","0.1015","0.1383","0.0849","0.0896","0.1619","0.115","0.0192","0.0299","0.0314","0.0902","0.0841","0.0782","0.0782","0.1141","0.1116","0.0361","0.0338","0.0393","0.0314","0.0173","0.0273","0.0595","0.067","0.0843","0.1093","0.1901","0.2113","0.1743","0.1745","0.2589","0.2063","0.1575","0.1117","0.1247","0.1302","0.136",
"East Asia & Pacific (excluding high income)","EAP","Carbon dioxide (CO2) emissions from Agriculture (Mt CO2e)","EN.GHG.CO2.AG.MT.CE.AR5","","","","","","","","","","","6.7524","6.7524","6.7524","6.7524","6.3121","7.9999","8.6259","10.1088","11.3773","13.4766","14.885","14.9016","15.9158","17.4712","19.2073","18.4965","18.3382","21.0952","23.5906","23.8311","25.7319","26.2781","27.1562","23.9317","26.0732","31.2125","33.2523","31.8064","33.786","35.6818","34.1751","34.4757","41.927","40.0245","41.6788","32.5111","34.2415","33.0499","31.1904","37.931","34.2074","37.5445","39.2882","40.4063","36.3598","39.0898","32.4638","30.1524","31.0548","31.6548","30.1393","30.7004","29.5147","29.5928","29.869",
"Early-demographic dividend","EAR","Carbon dioxide (CO2) emissions from Agriculture (Mt CO2e)","EN.GHG.CO2.AG.MT.CE.AR5","","","","","","","","","","","11.8793","11.8793","11.8793","11.8793","12.8762","13.3141","14.9149","16.5951","17.1562","19.5112","20.5231","21.6763","22.8175","23.8874","25.6094","26.9058","29.8451","29.3881","31.2854","31.5202","31.8225","31.8127","33.5627","33.5921","34.4572","36.6696","39.1862","40.2778","40.9671","41.6961","40.7495","41.4037","39.9757","41.8981","45.2248","46.0408","47.9971","50.015","50.5955","53.9325","54.5638","54.613","55.2418","55.8271","57.5321","57.2149","59.7847","59.4101","61.085","63.074","67.0483","65.1534","63.916","65.1782","66.2631",
"East Asia & Pacific","EAS","Carbon dioxide (CO2) emissions from Agriculture (Mt CO2e)","EN.GHG.CO2.AG.MT.CE.AR5","","","","","","","","","","","8.123","8.123","8.123","8.123","7.6499","9.384","9.8809","11.3251","12.6612","14.7862","16.9524","17.0122","18.0119","19.7513","21.5102","20.7617","20.609","23.3734","25.868","26.2036","28.1095","28.5877","29.5279","26.3895","28.7114","33.941","36.0626","34.8035","36.7822","38.8179","37.2149","37.7625","45.5531","43.4985","45.372","35.8188","36.5857","35.9836","34.2368","40.9386","37.3777","40.946","42.6967","44.2941","40.4019","43.2431","36.8334","34.9971","35.0001","35.7303","34.5907","35.6296","33.8804","33.818","34.0377",
"Europe & Central Asia (excluding high income)","ECA","Carbon dioxide (CO2) emissions from Agriculture (Mt CO2e)","EN.GHG.CO2.AG.MT.CE.AR5","","","","","","","","","","","6.0749","6.0749","6.0749","6.0749","6.232","6.4747","7.022","7.5705","7.6847","8.1212","8.4436","8.2373","8.3164","8.8115","8.7079","8.7383","8.984","9.3422","8.7548","7.561","7.193","6.762","6.3895","5.9907","5.1346","4.8467","4.5197","4.5407","4.1854","4.4424","4.0776","3.9061","4.0565","4.4959","4.6234","4.6909","5.3138","5.69","6.694","7.4478","7.4918","7.8578","8.3097","8.8863","8.6732","8.5312","9.7889","9.2859","9.1137","9.7119","10.5643","9.1538","7.0979","7.0411","6.9992",
"Europe & Central Asia","ECS","Carbon dioxide (CO2) emissions from Agriculture (Mt CO2e)","EN.GHG.CO2.AG.MT.CE.AR5","","","","","","","","","","","27.1622","27.1622","27.1622","27.1622","27.2997","29.1167","30.0058","31.3378","33.6433","34.7561","35.1456","35.7414","35.7829","37.3341","36.3622","36.9127","37.5603","36.8183","36.3683","33.501","29.1596","26.163","23.0694","23.0555","22.3671","21.6223","21.9082","21.0107","19.5638","20.3618","19.9962","20.2609","19.0776","20.1942","20.6688","19.7233","19.8245","21.473","22.0436","23.6645","23.8038","24.0935","25.7087","26.0655","25.7036","26.895","29.1097","27.9472","27.0551","28.6979","30.5257","26.1411","25.9955","25.3417","25.091",
"Ecuador","ECU","Carbon dioxide (CO2) emissions from Agriculture (Mt CO2e)","EN.GHG.CO2.AG.MT.CE.AR5","","","","","","","","","","","0.053","0.053","0.053","0.053","0.0615","0.0262","0.1005","0.1157","0.0722","0.08","0.0701","0.0578","0.0487","0.0777","0.0723","0.068","0.0491","0.0417","0.054","0.0732","0.0625","0.0718","0.0907","0.088","0.0875","0.1006","0.1131","0.162","0.1489","0.1278","0.1167","0.1733","0.2127","0.2089","0.2503","0.0833","0.1888","0.2333","0.2295","0.1808","0.1926","0.2587","0.2739","0.3083","0.3555","0.357","0.5427","0.3889","0.4783","0.4256","0.4768","0.5443","0.3537","0.3466","0.3399",
"Egypt, Arab Rep.","EGY","Carbon dioxide (CO2) emissions from Agriculture (Mt CO2e)","EN.GHG.CO2.AG.MT.CE.AR5","","","","","","","","","","","0.8258","0.8258","0.8258","0.8258","0.8329","0.7511","0.8182","0.8622","0.9507","1.3517","1.4467","1.3684","1.4265","1.3659","1.3436","1.3986","1.9693","1.9156","1.989","1.966","1.9286","2.0334","1.8637","2.0931","1.8681","2.6243","2.4692","2.3729","2.5111","2.315","2.6133","2.7484","2.6519","2.5122","3.0377","2.9449","2.6674","2.4667","2.4626","2.6593","2.5563","2.5929","2.1206","2.2492","2.265","2.4841","2.7014","2.7937","2.9487","2.737","2.8147","2.6264","2.5019","2.5188","2.5236",
"Euro area","EMU","Carbon dioxide (CO2) emissions from Agriculture (Mt CO2e)","EN.GHG.CO2.AG.MT.CE.AR5","","","","","","","","","","","7.7102","7.7102","7.7102","7.7102","7.1788","7.5567","8.0167","8.2171","9.038","9.643","9.1612","9.1223","8.9634","9.135","9.2268","9.7808","10.662","10.2118","10.0804","9.9148","8.5072","8.3855","6.388","6.7038","7.7565","7.8773","7.9944","7.9399","7.8283","8.2134","7.7412","7.886","7.7743","7.9693","8.3323","7.3386","6.6469","6.9298","6.6119","6.648","6.9523","6.1465","6.8461","6.9988","7.0126","7.4642","7.4486","7.6012","6.7417","6.8357","6.5504","5.7605","5.5378","5.4852","5.4603",
"Eritrea","ERI","Carbon dioxide (CO2) emissions from Agriculture (Mt CO2e)","EN.GHG.CO2.AG.MT.CE.AR5","","","","","","","","","","","","","","","","","","","","","","","","","","","","","","","","","","","","","","","","","","","","","","","","","","","","","","","","","","","","","","","","","",
"Spain","ESP","Carbon dioxide (CO2) emissions from Agriculture (Mt CO2e)","EN.GHG.CO2.AG.MT.CE.AR5","","","","","","","","","","","1.1008","1.1008","1.1008","1.1008","0.9402","1.125","1.1432","0.9925","1.1336","1.1833","1.1317","1.1291","1.0355","1.02","1.2131","1.32","1.7314","1.776","1.7221","1.6279","1.5007","1.4307","1.1236","1.2818","1.3247","1.5196","1.5788","1.3965","1.4583","1.5149","1.4489","1.4483","1.4426","1.5295","1.374","1.2493","1.1953","1.1222","0.9984","1.0069","1.0381","0.7662","1.0403","1.184","1.1807","1.0817","1.2","1.4326","1.1069","1.1296","1.337","0.9788","1.0528","1.0369","1.0216",
"Estonia","EST","Carbon dioxide (CO2) emissions from Agriculture (Mt CO2e)","EN.GHG.CO2.AG.MT.CE.AR5","","","","","","","","","","","0.0766","0.0766","0.0766","0.0766","0.0831","0.0831","0.0879","0.0986","0.101","0.1039","0.1066","0.1069","0.1068","0.1137","0.1138","0.1164","0.1208","0.1237","0.1149","0.0937","0.0879","0.0821","0.0764","0.0805","0.0685","0.0591","0.0533","0.0449","0.054","0.0442","0.0514","0.0581","0.0595","0.0526","0.0564","0.0526","0.0318","0.0278","0.0639","0.0794","0.0586","0.0606","0.0599","0.0691","0.0754","0.0943","0.0817","0.0817","0.0857","0.0854","0.0864","0.071","0.0642","0.0642","0.0642",
"Ethiopia","ETH","Carbon dioxide (CO2) emissions from Agriculture (Mt CO2e)","EN.GHG.CO2.AG.MT.CE.AR5","","","","","","","","","","","0.0138","0.0138","0.0138","0.0138","0.014","0.0224","0.0223","0.0188","0.0205","0.0281","0.0291","0.0295","0.0276","0.0318","0.0245","0.01","0.0238","0.0403","0.0393","0.0471","0.0468","0.0498","0.0592","0.0558","0.0781","0.0897","0.147","0.1009","0.1361","0.1435","0.1368","0.1943","0.154","0.032","0.1755","0.188","0.1713","0.1729","0.1608","0.1807","0.1886","0.2305","0.3248","0.2807","0.3398","0.485","0.4648","0.3356","0.3518","0.3372","0.4061","0.263","0.4532","0.4773","0.5027",
"European Union","EUU","Carbon dioxide (CO2) emissions from Agriculture (Mt CO2e)","EN.GHG.CO2.AG.MT.CE.AR5","","","","","","","","","","","14.7524","14.7524","14.7524","14.7524","14.4247","15.8082","15.8885","16.0483","18.0489","18.352","17.8925","18.3171","18.0099","18.6493","17.8037","18.2527","18.2773","17.4031","18.0329","17.4321","13.9533","12.0125","9.9897","10.8177","11.4336","11.3694","11.9859","11.7496","11.0833","11.2608","11.5783","11.7466","11.1559","11.4635","11.8186","10.8791","10.281","10.7111","10.0066","10.3657","10.8323","10.2978","11.3013","11.2669","11.2823","11.7256","12.0075","12.2292","10.8517","11.0543","10.9096","9.719","9.2189","8.5318","8.4937",
"Fragile and conflict affected situations","FCS","Carbon dioxide (CO2) emissions from Agriculture (Mt CO2e)","EN.GHG.CO2.AG.MT.CE.AR5","","","","","","","","","","","2.9183","2.9183","2.9183","2.9183","3.0905","3.2687","3.3737","3.6519","3.7841","3.9496","4.1997","4.1336","4.0748","4.2118","4.412","4.5719","4.5375","4.6956","4.5262","3.8294","3.7019","3.3711","3.2119","3.419","3.3976","3.3653","3.3751","3.1445","2.8975","2.9886","3.059","3.0449","3.0788","2.3029","2.5933","2.763","2.6175","2.9553","3.188","3.2276","3.518","3.9018","4.2542","4.5136","4.3737","4.2582","5.4362","5.9828","5.7696","6.2839","6.3259","6.251","4.6918","4.7734","4.9565",
"Finland","FIN","Carbon dioxide (CO2) emissions from Agriculture (Mt CO2e)","EN.GHG.CO2.AG.MT.CE.AR5","","","","","","","","","","","0","0","0","0","0","0","0","0","0","0","0.0112","0.0116","0.011","0.0079","0.0071","0","0.0157","0.0273","0.0371","0.0385","0.0151","0.0266","0.0016","0","0","0","0.0021","0.01","0","0.0016","0.0016","0.0016","0.0016","0.0016","0.0016","0.0016","0.0031","0.0031","0","0.0016","0.0031","0","0","0","0","0","0","0","0","0","0","0","0","0","0",
"Fiji","FJI","Carbon dioxide (CO2) emissions from Agriculture (Mt CO2e)","EN.GHG.CO2.AG.MT.CE.AR5","","","","","","","","","","","","","","","","","","","","","","","","","","","","","","","","","","","","","","","","","","","","","","","","","","","","","","","","","","","","","","","","","",
"France","FRA","Carbon dioxide (CO2) emissions from Agriculture (Mt CO2e)","EN.GHG.CO2.AG.MT.CE.AR5","","","","","","","","","","","2.7846","2.7846","2.7846","2.7846","2.552","2.8946","3.0156","3.1036","3.4336","3.8186","3.5153","3.6504","3.4807","3.6347","3.6819","3.883","4.1934","4.1118","4.0648","3.9888","4.0051","4.004","2.5049","2.7107","3.5316","3.7408","3.8736","4.0059","3.8645","4.1409","3.6665","3.8549","3.7583","3.7924","3.8014","2.9853","2.8081","3.0596","2.6953","2.747","2.761","2.4006","2.7471","2.6399","2.5766","2.7207","2.7342","2.6147","2.4917","2.5128","1.9242","2.038","1.9056","1.9311","1.9573",
"Faroe Islands","FRO","Carbon dioxide (CO2) emissions from Agriculture (Mt CO2e)","EN.GHG.CO2.AG.MT.CE.AR5","","","","","","","","","","","","","","","","","","","","","","","","","","","","","","","","","","","","","","","","","","","","","","","","","","","","","","","","","","","","","","","","","",
"Micronesia, Fed. Sts.","FSM","Carbon dioxide (CO2) emissions from Agriculture (Mt CO2e)","EN.GHG.CO2.AG.MT.CE.AR5","","","","","","","","","","","","","","","","","","","","","","","","","","","","","","","","","","","","","","","","","","","","","","","","","","","","","","","","","","","","","","","","","",
"Gabon","GAB","Carbon dioxide (CO2) emissions from Agriculture (Mt CO2e)","EN.GHG.CO2.AG.MT.CE.AR5","","","","","","","","","","","","","","","","","","","","","","","","","","","","","","","","","","","","","","","","","","","","","","","","","","","","","","","","","","","","","","","","","",
"United Kingdom","GBR","Carbon dioxide (CO2) emissions from Agriculture (Mt CO2e)","EN.GHG.CO2.AG.MT.CE.AR5","","","","","","","","","","","1.2348","1.2348","1.2348","1.2348","1.2006","1.3829","1.4143","1.4929","1.65","1.9171","1.9486","2.332","2.6149","2.6447","2.6714","2.6714","2.9213","2.4734","2.3886","2.5614","2.4986","2.3116","2.0303","2.0083","1.9575","2.013","2.4252","2.1701","2.1696","2.3708","2.0848","2.2492","1.9465","2.0748","1.9177","1.7637","1.7317","1.9826","1.871","1.9302","1.8941","1.8679","1.8349","1.9423","1.8616","1.7752","1.7982","1.77","1.8082","1.9166","1.837","1.5625","1.508","1.5338","1.5613",
"Georgia","GEO","Carbon dioxide (CO2) emissions from Agriculture (Mt CO2e)","EN.GHG.CO2.AG.MT.CE.AR5","","","","","","","","","","","0","0","0","0","0","0","0","0","0","0","0","0","0","0","0","0","0","0","0","0","0","0","0","0","0","0","0","0","0","0","0","0","0","0","0","0","0","0","0","0.0999","0.0786","0.0849","0.0999","0.0691","0.0769","0.0564","0.0577","0.0648","0.0719","0.0725","0.103","0.0841","0.0864","0.0874","0.0885",
"Ghana","GHA","Carbon dioxide (CO2) emissions from Agriculture (Mt CO2e)","EN.GHG.CO2.AG.MT.CE.AR5","","","","","","","","","","","","","","","","","","","","","","","","","","","","","","","","","","","","","","","","","","","","","","","","","","","","","","","","","","","","","","","","","",
"Gibraltar","GIB","Carbon dioxide (CO2) emissions from Agriculture (Mt CO2e)","EN.GHG.CO2.AG.MT.CE.AR5","","","","","","","","","","","","","","","","","","","","","","","","","","","","","","","","","","","","","","","","","","","","","","","","","","","","","","","","","","","","","","","","","",
"Guinea","GIN","Carbon dioxide (CO2) emissions from Agriculture (Mt CO2e)","EN.GHG.CO2.AG.MT.CE.AR5","","","","","","","","","","","","","","","","","","","","","","","","","","","","","","","","","","","","","","","","","","","","","","","","","","","","","","","","","","","","","","","","","",
"Gambia, The","GMB","Carbon dioxide (CO2) emissions from Agriculture (Mt CO2e)","EN.GHG.CO2.AG.MT.CE.AR5","","","","","","","","","","","","","","","","","","","","","","","","","","","","","","","","","","","","","","","","","","","","","","","","","","","","","","","","","","","","","","","","","",
"Guinea-Bissau","GNB","Carbon dioxide (CO2) emissions from Agriculture (Mt CO2e)","EN.GHG.CO2.AG.MT.CE.AR5","","","","","","","","","","","","","","","","","","","","","","","","","","","","","","","","","","","","","","","","","","","","","","","","","","","","","","","","","","","","","","","","","",
"Equatorial Guinea","GNQ","Carbon dioxide (CO2) emissions from Agriculture (Mt CO2e)","EN.GHG.CO2.AG.MT.CE.AR5","","","","","","","","","","","","","","","","","","","","","","","","","","","","","","","","","","","","","","","","","","","","","","","","","","","","","","","","","","","","","","","","","",
"Greece","GRC","Carbon dioxide (CO2) emissions from Agriculture (Mt CO2e)","EN.GHG.CO2.AG.MT.CE.AR5","","","","","","","","","","","0.4777","0.4777","0.4777","0.4777","0.4372","0.4293","0.5095","0.5285","0.6361","0.685","0.6221","0.6075","0.6935","0.7466","0.7015","0.7889","0.6961","0.5854","0.625","0.6202","0.6217","0.6075","0.5924","0.4714","0.5469","0.4683","0.5421","0.4903","0.3761","0.374","0.3719","0.3394","0.33","0.3331","0.2986","0.2986","0.253","0.242","0.1446","0.1933","0.242","0.2017","0.1938","0.1773","0.1966","0.2015","0.2056","0.2111","0.1875","0.1919","0.1935","0.148","0.1703","0.168","0.169",
"Grenada","GRD","Carbon dioxide (CO2) emissions from Agriculture (Mt CO2e)","EN.GHG.CO2.AG.MT.CE.AR5","","","","","","","","","","","","","","","","","","","","","","","","","","","","","","","","","","","","","","","","","","","","","","","","","","","","","","","","","","","","","","","","","",
"Greenland","GRL","Carbon dioxide (CO2) emissions from Agriculture (Mt CO2e)","EN.GHG.CO2.AG.MT.CE.AR5","","","","","","","","","","","","","","","","","","","","","","","","","","","","","","","","","","","","","","","","","","","","","","","","","","","","","","","","","","","","","","","","","",
"Guatemala","GTM","Carbon dioxide (CO2) emissions from Agriculture (Mt CO2e)","EN.GHG.CO2.AG.MT.CE.AR5","","","","","","","","","","","0.0754","0.0754","0.0754","0.0754","0.0786","0.0786","0.1116","0.1232","0.1037","0.0943","0.121","0.0943","0.1301","0.0834","0.1226","0.143","0.1729","0.1864","0.1259","0.2","0.2106","0.2376","0.2389","0.1964","0.2986","0.297","0.2766","0.3064","0.2986","0.3127","0.2561","0.2096","0.1619","0.0995","0.2104","0.2072","0.2859","0.1949","0.243","0.2721","0.2605","0.2909","0.3308","0.3884","0.4112","0.3428","0.3836","0.4056","0.4788","0.4423","0.5684","0.4347","0.3803","0.3849","0.3895",
"Guam","GUM","Carbon dioxide (CO2) emissions from Agriculture (Mt CO2e)","EN.GHG.CO2.AG.MT.CE.AR5","","","","","","","","","","","","","","","","","","","","","","","","","","","","","","","","","","","","","","","","","","","","","","","","","","","","","","","","","","","","","","","","","",
"Guyana","GUY","Carbon dioxide (CO2) emissions from Agriculture (Mt CO2e)","EN.GHG.CO2.AG.MT.CE.AR5","","","","","","","","","","","","","","","","","","","","","","","","","","","","","","","","","","","","","","","","","","","","","","","","","","","","","","","","","","","","","","","","","",
"High income","HIC","Carbon dioxide (CO2) emissions from Agriculture (Mt CO2e)","EN.GHG.CO2.AG.MT.CE.AR5","","","","","","","","","","","26.5543","26.5543","26.5543","26.5543","26.3224","28.601","29.0076","29.5941","32.1989","33.2056","34.4038","34.8841","34.6343","36.7049","36.0788","36.74","36.8946","36.0828","36.4104","35.1405","30.921","28.5123","26.2434","26.9904","27.175","27.1073","28.0759","27.8593","26.6394","27.3521","27.345","28.3208","27.5589","28.4078","28.489","26.6992","26.1667","27.6767","26.7103","27.9459","28.9909","29.994","31.7253","31.6028","31.8335","33.8646","34.9222","34.9801","33.3745","35.0304","36.4473","33.5272","35.3151","35.4451","35.309",
"Hong Kong SAR, China","HKG","Carbon dioxide (CO2) emissions from Agriculture (Mt CO2e)","EN.GHG.CO2.AG.MT.CE.AR5","","","","","","","","","","","","","","","","","","","","","","","","","","","","","","","","","","","","","","","","","","","","","","","","","","","","","","","","","","","","","","","","","",
"Honduras","HND","Carbon dioxide (CO2) emissions from Agriculture (Mt CO2e)","EN.GHG.CO2.AG.MT.CE.AR5","","","","","","","","","","","","","","","","","","","","","","","","","","","","","","","","","","","","","","","","","","","","","","","","","","","","","","","","","","","","","","","","","",
"Heavily indebted poor countries (HIPC)","HPC","Carbon dioxide (CO2) emissions from Agriculture (Mt CO2e)","EN.GHG.CO2.AG.MT.CE.AR5","","","","","","","","","","","0.3261","0.3261","0.3261","0.3261","0.3647","0.4266","0.3788","0.3958","0.3208","0.3641","0.4756","0.4617","0.4654","0.434","0.4777","0.4942","0.4453","0.41","0.5092","0.394","0.4269","0.3832","0.4048","0.4484","0.34","0.3064","0.493","0.4676","0.3904","0.4062","0.4117","0.5066","0.4993","0.2844","0.5511","0.5077","0.5161","0.5307","0.4743","0.5962","0.7652","0.7534","0.9179","1.3125","1.3581","1.4268","1.8106","1.7623","1.5536","1.6386","1.5519","1.3977","1.7777","1.8195","1.8839",
"Croatia","HRV","Carbon dioxide (CO2) emissions from Agriculture (Mt CO2e)","EN.GHG.CO2.AG.MT.CE.AR5","","","","","","","","","","","0.0389","0.0389","0.0389","0.0389","0.0393","0.041","0.0432","0.0444","0.0464","0.0536","0.0505","0.0519","0.0539","0.0444","0.0864","0.0921","0.067","0.0734","0.054","0.0906","0.0735","0.0478","0.0908","0.0723","0.0817","0.0534","0.0663","0.11","0.0534","0.0581","0.0728","0.058","0.0839","0.0822","0.0791","0.0896","0.0974","0.0976","0.099","0.0614","0.0874","0.0801","0.0943","0.0927","0.0786","0.0959","0.099","0.0905","0.0902","0.0913","0.0984","0.0717","0.0355","0.0248","0.0179",
"Haiti","HTI","Carbon dioxide (CO2) emissions from Agriculture (Mt CO2e)","EN.GHG.CO2.AG.MT.CE.AR5","","","","","","","","","","","","","","","","","","","","","","","","","","","","","","","","","","","","","","","","","","","","","","","","","","","","","","","","","","","","","","","","","",
"Hungary","HUN","Carbon dioxide (CO2) emissions from Agriculture (Mt CO2e)","EN.GHG.CO2.AG.MT.CE.AR5","","","","","","","","","","","0.9182","0.9182","0.9182","0.9182","0.9586","0.977","0.9304","0.9639","0.9433","0.911","0.8928","0.9039","1.0518","1.0618","1.0402","0.8896","0.944","0.9793","1.0269","0.8838","0.6826","0.5255","0.2546","0.5758","0.5924","0.6133","0.7776","0.7274","0.7037","0.7506","0.7794","0.8093","0.7606","0.7197","0.6768","0.6726","0.6872","0.649","0.4599","0.4662","0.326","0.3473","0.3347","0.341","0.2975","0.2106","0.1524","0.1681","0.1708","0.167","0.1609","0.145","0.1036","0.1036","0.102",
"IBRD only","IBD","Carbon dioxide (CO2) emissions from Agriculture (Mt CO2e)","EN.GHG.CO2.AG.MT.CE.AR5","","","","","","","","","","","26.9118","26.9118","26.9118","26.9118","28.1854","31.1665","33.1377","36.8392","39.2925","43.587","45.8543","46.6622","47.9587","50.8463","53.7726","53.9218","56.4458","58.4092","62.3035","60.7797","60.6887","59.5969","61.3989","58.8744","62.0439","68.2988","72.4186","72.4444","74.5418","76.8254","75.8774","76.7617","81.6707","82.7651","86.4612","77.5498","82.6351","84.6724","83.7956","93.0937","90.4379","97.6142","99.5812","101.5775","98.1367","101.3831","98.5178","95.645","96.9697","101.9839","106.2819","104.3069","102.9706","103.4776","104.4996",
"IDA & IBRD total","IBT","Carbon dioxide (CO2) emissions from Agriculture (Mt CO2e)","EN.GHG.CO2.AG.MT.CE.AR5","","","","","","","","","","","31.3017","31.3017","31.3017","31.3017","32.7998","35.9584","38.1766","42.3106","44.9275","49.5103","52.3902","53.1389","54.6208","57.7378","60.7652","61.3315","64.1913","66.2442","70.2402","68.3378","68.0672","66.7851","68.7542","66.2489","69.4919","76.0291","80.3193","80.0285","81.7854","84.5795","83.8122","84.4567000000001","89.4477","90.6531","95.256","86.4045","91.3172","94.11","93.4291","103.4021","101.0485","107.7527","109.7539","112.999","109.9511","112.1833","111.3888","108.2809","110.2112","115.2649","120.7154","118.8303","117.2163","117.9885","119.419",
"IDA total","IDA","Carbon dioxide (CO2) emissions from Agriculture (Mt CO2e)","EN.GHG.CO2.AG.MT.CE.AR5","","","","","","","","","","","4.3899","4.3899","4.3899","4.3899","4.6144","4.7919","5.0389","5.4714","5.635","5.9233","6.5359","6.4767","6.6621","6.8915","6.9926","7.4097","7.7455","7.835","7.9367","7.5581","7.3785","7.1882","7.3553","7.3745","7.448","7.7303","7.9007","7.5841","7.2436","7.7541","7.9348","7.695","7.777","7.888","8.7948","8.8547","8.6821","9.4376","9.6335","10.3084","10.6106","10.1385","10.1727","11.4215","11.8144","10.8002","12.871","12.6359","13.2415","13.281","14.4335","14.5234","14.2457","14.5109","14.9194",
"IDA blend","IDB","Carbon dioxide (CO2) emissions from Agriculture (Mt CO2e)","EN.GHG.CO2.AG.MT.CE.AR5","","","","","","","","","","","3.2654","3.2654","3.2654","3.2654","3.4402","3.6061","3.7452","4.0324","4.1432","4.288","4.6833","4.733","4.8286","4.9616","4.9079","5.2653","5.5584","5.5423","5.5642","5.2482","5.0566","4.8477","4.8261","4.7918","4.6853","4.7062","4.6478","4.6083","4.4047","4.6292","4.7528","4.7426","4.7346","5.0067","5.4823","5.7518","5.7149","6.2206","6.6782","7.1754","7.2223","6.8374","6.6914","7.6081","7.5555","6.5145","8.2265","7.6381","7.9681","8.1319","8.6749","9.1367","8.2932","8.3113","8.4148",
"Indonesia","IDN","Carbon dioxide (CO2) emissions from Agriculture (Mt CO2e)","EN.GHG.CO2.AG.MT.CE.AR5","","","","","","","","","","","0.5782","0.5782","0.5782","0.5782","0.632","0.6195","0.6575","0.8941","1.0088","1.1565","1.6494","1.8352","2.0476","1.9959","2.4241","2.5111","2.6211","2.8537","3.075","2.8903","3.1243","3.0385","3.2701","3.0813","3.1994","3.5059","3.8571","3.2623","3.7515","3.5738","3.5589","3.5692","3.994","4.1095","4.3403","4.5873","4.2312","4.5325","4.7981","5.8957","5.3935","5.0755","5.8411","5.0164","5.1607","5.8387","5.4364","5.7918","6.1572","5.9428","5.5838","5.8428","4.8951","4.8246","4.7816",
"IDA only","IDX","Carbon dioxide (CO2) emissions from Agriculture (Mt CO2e)","EN.GHG.CO2.AG.MT.CE.AR5","","","","","","","","","","","1.1245","1.1245","1.1245","1.1245","1.1742","1.1858","1.2937","1.439","1.4918","1.6353","1.8526","1.7437","1.8335","1.9299","2.0847","2.1444","2.1871","2.2927","2.3725","2.3099","2.3219","2.3405","2.5292","2.5827","2.7627","3.0241","3.2529","2.9758","2.8389","3.1249","3.182","2.9524","3.0424","2.8813","3.3125","3.1029","2.9672","3.217","2.9553","3.133","3.3883","3.3011","3.4813","3.8134","4.2589","4.2857","4.6445","4.9978","5.2734","5.1491","5.7586","5.3867","5.9525","6.1996","6.5046",
"Isle of Man","IMN","Carbon dioxide (CO2) emissions from Agriculture (Mt CO2e)","EN.GHG.CO2.AG.MT.CE.AR5","","","","","","","","","","","","","","","","","","","","","","","","","","","","","","","","","","","","","","","","","","","","","","","","","","","","","","","","","","","","","","","","","",
"India","IND","Carbon dioxide (CO2) emissions from Agriculture (Mt CO2e)","EN.GHG.CO2.AG.MT.CE.AR5","","","","","","","","","","","2.462","2.462","2.462","2.462","3.2359","3.1233","3.5334","4.2887","4.5382","5.391","5.3107","5.766","6.1367","7.0405","8.1353","8.7471","10.0755","8.7907","11.0556","11.2683","11.8431","12.4567","13.0413","13.5067","14.4407","15.0086","15.9662","16.9928","17.6746","18.1477","16.8848","17.4263","16.0441","17.1071","17.9949","19.4124","21.1051","22.1268","23.2943","23.8766","25.2412","25.9393","25.8602","25.5587","25.6624","26.1607","25.3388","25.8574","26.91","29.1932","30.9691","29.2446","30.769","31.921","32.7915",
"Not classified","INX","Carbon dioxide (CO2) emissions from Agriculture (Mt CO2e)","EN.GHG.CO2.AG.MT.CE.AR5","","","","","","","","","","","","","","","","","","","","","","","","","","","","","","","","","","","","","","","","","","","","","","","","","","","","","","","","","","","","","","","","","",
"Ireland","IRL","Carbon dioxide (CO2) emissions from Agriculture (Mt CO2e)","EN.GHG.CO2.AG.MT.CE.AR5","","","","","","","","","","","0.0336","0.0336","0.0336","0.0336","0.0207","0.0306","0.0339","0.0332","0.0426","0.0619","0.086","0.0833","0.1061","0.1048","0.1015","0.1339","0.1634","0.1367","0.099","0.1084","0.1116","0.1163","0.11","0.1477","0.1021","0.0927","0.0849","0.0974","0.1084","0.1006","0.1021","0.0911","0.0911","0.1273","0.0849","0.0534","0.0795","0.0509","0.0897","0.1142","0.0907","0.1198","0.0906","0.1357","0.1355","0.1532","0.1515","0.167","0.1648","0.1738","0.1839","0.1731","0.1489","0.1488","0.1487",
"Iran, Islamic Rep.","IRN","Carbon dioxide (CO2) emissions from Agriculture (Mt CO2e)","EN.GHG.CO2.AG.MT.CE.AR5","","","","","","","","","","","0.2692","0.2692","0.2692","0.2692","0.3355","0.3313","0.3378","0.4323","0.312","0.5049","0.5638","0.721","0.9088","1.066","0.9048","0.8604","0.9343","0.928","0.9274","1.3485","1.0685","1.2126","1.5268","1.0359","1.1354","1.1525","1.252","1.485","1.5845","1.4308","1.5406","1.4957","1.49","1.563","1.7683","1.5547","1.8962","1.6395","1.8815","1.749","1.8255","1.4562","1.4976","1.2629","1.4279","1.0666","1.4067","1.5361","1.6365","1.6267","1.6263","1.6055","1.5991","1.6233","1.648",
"Iraq","IRQ","Carbon dioxide (CO2) emissions from Agriculture (Mt CO2e)","EN.GHG.CO2.AG.MT.CE.AR5","","","","","","","","","","","0.0633","0.0633","0.0633","0.0633","0.0864","0.1614","0.1586","0.2","0.1971","0.1969","0.1424","0.0957","0.0954","0.0696","0.1301","0.1163","0.1241","0.1501","0.1659","0.1212","0.1084","0.1116","0.1037","0.3688","0.3939","0.3667","0.3991","0.4038","0.4216","0.4184","0.4031","0.3925","0.6902","0.0318","0.0054","0.1962","0.2191","0.1677","0.2169","0.2357","0.1914","0.2131","0.2408","0.3035","0.3335","0.2851","0.393","0.2595","0.3481","0.3504","0.1244","0.1148","0.1556","0.1378","0.1228",
"Iceland","ISL","Carbon dioxide (CO2) emissions from Agriculture (Mt CO2e)","EN.GHG.CO2.AG.MT.CE.AR5","","","","","","","","","","","0.0072","0.0072","0.0072","0.0072","0.0088","0.0097","0.0101","0.0097","0.0097","0.0091","0.0082","0.0057","0.0044","0.0063","0.0063","0.0063","0.0057","0.005","0.0075","0.0044","0.0041","0.0038","0.006","0.0066","0.0101","0.0025","0.0022","0.0031","0.0016","0.0031","0","0","0","0","0","0","0","0","0","0","0","0","0","0","0","0","0.0002","0","0","0","0","0.0006","0.0007","0.0008","0.0009",
"Israel","ISR","Carbon dioxide (CO2) emissions from Agriculture (Mt CO2e)","EN.GHG.CO2.AG.MT.CE.AR5","","","","","","","","","","","0.0954","0.0954","0.0954","0.0954","0.1062","0.1172","0.1087","0.1039","0.0962","0.0849","0.102","0.1012","0.0872","0.0808","0.0864","0.0849","0.0811","0.0743","0.0713","0.0757","0.0688","0.0519","0.0581","0.044","0.0707","0.0911","0.0723","0.0676","0.0707","0.0739","0.0613","0.0674","0.0688","0.0772","0.068","0.0302","0.0395","0.0313","0.0324","0.0548","0.0362","0.0398","0.0383","0.0345","0.0435","0.0542","0.0811","0.062","0.0654","0.0457","0.0653","0.0717","0.0824","0.0877","0.0934",
"Italy","ITA","Carbon dioxide (CO2) emissions from Agriculture (Mt CO2e)","EN.GHG.CO2.AG.MT.CE.AR5","","","","","","","","","","","1.0351","1.0351","1.0351","1.0351","1.0392","0.9974","0.99","1.1846","1.5115","1.5217","1.362","1.2352","1.2775","1.2831","1.2017","1.307","1.3828","1.2887","1.0869","0.9743","0.9895","1.2021","1.1204","1.211","1.2294","1.1367","1.2058","1.1712","1.2545","1.2823","1.2142","1.2194","1.1854","1.1288","0.9643","0.9271","0.9308","0.967","0.8177","0.8795","0.9308","0.8365","0.8994","0.925","0.869","0.9533","0.8847","0.8821","0.8418","0.8355","0.903","0.6211","0.6192","0.5729","0.5359",
"Jamaica","JAM","Carbon dioxide (CO2) emissions from Agriculture (Mt CO2e)","EN.GHG.CO2.AG.MT.CE.AR5","","","","","","","","","","","","","","","","","","","","","","","","","","","","","","","","","","","","","","","","","","","","","","","","","","","","","","","","","","","","","","","","","",
"Jordan","JOR","Carbon dioxide (CO2) emissions from Agriculture (Mt CO2e)","EN.GHG.CO2.AG.MT.CE.AR5","","","","","","","","","","","0.0075","0.0075","0.0075","0.0075","0.0079","0.0077","0.0118","0.0088","0.0126","0.0156","0.0121","0.006","0.0192","0.0277","0.0245","0.0278","0.0134","0.0168","0.0263","0.0233","0.0175","0.0266","0.0293","0.0125","0.0042","0.0073","0.0042","0.0226","0.0293","0.0339","0.0213","0.0213","0.0087","0.01","0.0119","0.0287","0.0108","0.0126","0.0185","0.0181","0.0211","0.0211","0.0276","0.0239","0.0248","0.0247","0.0237","0.021","0.0248","0.0288","0.0215","0.015","0.0236","0.0239","0.0242",
"Japan","JPN","Carbon dioxide (CO2) emissions from Agriculture (Mt CO2e)","EN.GHG.CO2.AG.MT.CE.AR5","","","","","","","","","","","0.5535","0.5535","0.5535","0.5535","0.4317","0.4331","0.4785","0.4689","0.4444","0.4703","1.2666","1.386","1.485","1.5164","1.4929","1.4331","1.4457","1.353","1.3687","1.3593","1.276","1.1786","1.1456","1.1789","1.2636","1.2031","1.174","1.133","1.084","1.0868","1.0472","1.0796","1.1503","1.0532","0.9997","0.9381","0.1152","0.7666","0.8662","0.7242","0.6631","0.7783","0.7234","0.7258","0.6642","0.6348","0.6851","0.6677","0.6383","0.618","0.6429","0.6106","0.6572","0.633","0.6265",
"Kazakhstan","KAZ","Carbon dioxide (CO2) emissions from Agriculture (Mt CO2e)","EN.GHG.CO2.AG.MT.CE.AR5","","","","","","","","","","","0.0714","0.0714","0.0714","0.0714","0.0775","0.0775","0.0819","0.0919","0.0942","0.0968","0.0994","0.0997","0.0996","0.106","0.1061","0.1085","0.1126","0.1154","0.1071","0.0873","0.0819","0.0766","0.0712","0.0658","0.0605","0.0551","0.0497","0.0443","0.039","0.088","0.088","0.1226","0.1414","0.1414","0.1194","0.1226","0.1289","0.1349","0.154","0.154","0.1854","0.1791","0.1898","0.1077","0.2041","0.2296","0.2929","0.2782","0.3114","0.2205","0.2879","0.2248","0.1943","0.1945","0.1955",
"Kenya","KEN","Carbon dioxide (CO2) emissions from Agriculture (Mt CO2e)","EN.GHG.CO2.AG.MT.CE.AR5","","","","","","","","","","","0.0181","0.0181","0.0181","0.0181","0.0159","0.0156","0.0215","0.0195","0.0334","0.0346","0.033","0.0343","0.0352","0.0337","0.0472","0.0581","0.048","0.051","0.0782","0.0652","0.0638","0.0591","0.0429","0.0453","0.0424","0.0272","0.066","0.0587","0.0691","0.0738","0.0869","0.084","0.073","0.0912","0.1093","0.0934","0.1197","0.0684","0.101","0.0664","0.1115","0.0787","0.1065","0.1914","0.142","0.097","0.1591","0.149","0.1448","0.1837","0.2512","0.1965","0.1589","0.1603","0.1617",
"Kyrgyz Republic","KGZ","Carbon dioxide (CO2) emissions from Agriculture (Mt CO2e)","EN.GHG.CO2.AG.MT.CE.AR5","","","","","","","","","","","0.1572","0.1572","0.1572","0.1572","0.1705","0.1705","0.1804","0.2023","0.2073","0.2132","0.2188","0.2195","0.2193","0.2334","0.2335","0.2389","0.2479","0.254","0.2358","0.1922","0.1804","0.1686","0.1568","0.1449","0.1331","0.1213","0.1095","0.0976","0.0866","0.084","0.0871","0.022","0.022","0.027","0.0154","0.0101","0.0151","0.006","0.0119","0.0871","0.0669","0.0924","0.1006","0.0896","0.0839","0.0354","0.0285","0.1326","0.1131","0.1492","0.1026","0.1282","0.0775","0.0714","0.0684",
"Cambodia","KHM","Carbon dioxide (CO2) emissions from Agriculture (Mt CO2e)","EN.GHG.CO2.AG.MT.CE.AR5","","","","","","","","","","","","","","","","","","","","","","","","","","","","","","","","","","","","","","","","","","","","","","","","","","","","","","","","","","","","","","","","","",
"Kiribati","KIR","Carbon dioxide (CO2) emissions from Agriculture (Mt CO2e)","EN.GHG.CO2.AG.MT.CE.AR5","","","","","","","","","","","","","","","","","","","","","","","","","","","","","","","","","","","","","","","","","","","","","","","","","","","","","","","","","","","","","","","","","",
"St. Kitts and Nevis","KNA","Carbon dioxide (CO2) emissions from Agriculture (Mt CO2e)","EN.GHG.CO2.AG.MT.CE.AR5","","","","","","","","","","","","","","","","","","","","","","","","","","","","","","","","","","","","","","","","","","","","","","","","","","","","","","","","","","","","","","","","","",
"Korea, Rep.","KOR","Carbon dioxide (CO2) emissions from Agriculture (Mt CO2e)","EN.GHG.CO2.AG.MT.CE.AR5","","","","","","","","","","","0.4138","0.4138","0.4138","0.4138","0.5425","0.6509","0.4581","0.4359","0.495","0.4332","0.4361","0.3892","0.2637","0.3331","0.3575","0.3696","0.3715","0.3892","0.3998","0.4266","0.4277","0.3746","0.377","0.352","0.3567","0.3441","0.3363","0.4321","0.3457","0.3124","0.2984","0.3196","0.2103","0.207","0.2637","0.2095","0.181","0.1798","0.1681","0.1603","0.1524","0.1414","0.1446","0.3535","0.351","0.423","0.436","0.4136","0.159","0.1536","0.148","0.1641","0.1354","0.0812","0.0594",
"Kuwait","KWT","Carbon dioxide (CO2) emissions from Agriculture (Mt CO2e)","EN.GHG.CO2.AG.MT.CE.AR5","","","","","","","","","","","0","0","0","0","0","0","0","0","0","0","0.0002","0.0003","0.0008","0.0008","0.0008","0.0011","0.0006","0.0005","0.0013","0.0008","0","0","0.0013","0.0016","0.0016","0.0016","0.0031","0.0019","0.0016","0.0017","0.0011","0.0038","0.0016","0.0016","0.0016","0.0016","0.0016","0.0016","0.0016","0.0016","0.0016","0.0016","0.0024","0.0031","0.0031","0.0031","0.0031","0.0031","0.0031","0.0031","0.004","0.0031","0.0031","0.0031","0.0031",
"Latin America & Caribbean (excluding high income)","LAC","Carbon dioxide (CO2) emissions from Agriculture (Mt CO2e)","EN.GHG.CO2.AG.MT.CE.AR5","","","","","","","","","","","3.795","3.795","3.795","3.795","4.0127","4.2916","5.2319","5.9","5.8445","6.5508","6.8196","7.0984","6.8228","6.0271","7.2143","7.375","7.9445","7.8533","7.2542","7.2931","7.2386","6.5991","7.049","7.2057","7.9063","7.9206","9.1844","9.7787","9.8787","9.8052","11.1598","10.6682","9.883","11.648","11.6381","10.5613","11.5407","13.2832","11.8133","12.0963","12.4024","14.6134","14.2437","15.3615","15.7854","15.1277","16.949","16.5282","16.3031","17.1718","19.5178","21.3336","20.1046","20.1417","20.4362",
"Lao PDR","LAO","Carbon dioxide (CO2) emissions from Agriculture (Mt CO2e)","EN.GHG.CO2.AG.MT.CE.AR5","","","","","","","","","","","","","","","","","","","","","","","","","","","","","","","","","","","","","","","","","","","","","","","","","","","","","","","","","","","","","","","","","",
"Lebanon","LBN","Carbon dioxide (CO2) emissions from Agriculture (Mt CO2e)","EN.GHG.CO2.AG.MT.CE.AR5","","","","","","","","","","","0.0836","0.0836","0.0836","0.0836","0.044","0.0377","0.0704","0.0625","0.0591","0.0503","0.0528","0.0566","0.0515","0.0314","0.0314","0","0","0","0","0","0","0.0086","0.0103","0.031","0.022","0.0943","0.066","0.0705","0.0684","0.0625","0.0662","0.0686","0.056","0.0561","0.0579","0.0249","0.0254","0.0409","0.0176","0.0171","0.0382","0.0325","0.0514","0.0526","0.0275","0.0464","0.0515","0.054","0.0331","0.0323","0.0318","0.0208","0.0186","0.0179","0.0174",
"Liberia","LBR","Carbon dioxide (CO2) emissions from Agriculture (Mt CO2e)","EN.GHG.CO2.AG.MT.CE.AR5","","","","","","","","","","","","","","","","","","","","","","","","","","","","","","","","","","","","","","","","","","","","","","","","","","","","","","","","","","","","","","","","","",
"Libya","LBY","Carbon dioxide (CO2) emissions from Agriculture (Mt CO2e)","EN.GHG.CO2.AG.MT.CE.AR5","","","","","","","","","","","0.0254","0.0254","0.0254","0.0254","0.0305","0.0377","0.0453","0.0413","0.0503","0.069","0.087","0.089","0.0793","0.0886","0.0898","0.081","0.0863","0.0995","0.0718","0.0768","0.0849","0.0602","0.0504","0.0679","0.0418","0.0557","0.0321","0.0503","0.0492","0.0681","0.0439","0.0634","0.0477","0.0314","0.0409","0.0503","0.0503","0.0503","0.0503","0.0503","0.0513","0.0505","0.0559","0.0547","0.0314","0.0448","0.0134","0.0629","0.0265","0.0244","0.0217","0.0268","0.0087","0.0112","0.0112",
"St. Lucia","LCA","Carbon dioxide (CO2) emissions from Agriculture (Mt CO2e)","EN.GHG.CO2.AG.MT.CE.AR5","","","","","","","","","","","","","","","","","","","","","","","","","","","","","","","","","","","","","","","","","","","","","","","","","","","","","","","","","","","","","","","","","",
"Latin America & Caribbean","LCN","Carbon dioxide (CO2) emissions from Agriculture (Mt CO2e)","EN.GHG.CO2.AG.MT.CE.AR5","","","","","","","","","","","4.0559","4.0559","4.0559","4.0559","4.2451","4.538","5.4723","6.1925","6.1934","6.8746","7.1355","7.3579","7.0726","6.3089","7.5462","7.7919","8.4714","8.4453","7.9122","7.9275","7.8796","7.2217","7.6598","7.8281","8.549","8.6759","10.068","10.6597","10.7606","10.5382","11.8996","11.3993","10.6712","12.5225","12.5739","11.5148","12.4518","14.2413","12.7709","13.0968","13.3251","15.6939","15.4012","16.2953","16.7635","16.1067","17.874","17.5024","17.2404","18.1628","20.5392","22.6004","21.1146","21.1688","21.502",
"Least developed countries: UN classification","LDC","Carbon dioxide (CO2) emissions from Agriculture (Mt CO2e)","EN.GHG.CO2.AG.MT.CE.AR5","","","","","","","","","","","0.5187","0.5187","0.5187","0.5187","0.4984","0.6698","0.6616","0.7299","0.6871","0.8334","0.9175","0.9285","1.05","1.049","1.1941","1.199","1.2199","1.2777","1.3634","1.4801","1.458","1.5885","1.6487","1.7218","1.8156","1.982","2.246","2.0405","2.0077","2.2001","2.2264","2.2885","2.3147","2.201","2.3881","2.3217","2.2937","2.4705","2.2781","2.3276","2.6504","2.5383","2.761","3.2574","3.6646","3.6589","4.1908","4.2833","4.6683","4.572","4.9869","4.8635","5.3601","5.6127","5.9186",
"Low income","LIC","Carbon dioxide (CO2) emissions from Agriculture (Mt CO2e)","EN.GHG.CO2.AG.MT.CE.AR5","","","","","","","","","","","0.8635","0.8635","0.8635","0.8635","0.8931","0.9654","1.1848","1.2252","1.3779","1.4431","1.627","1.5659","1.5555","1.5432","1.6645","1.7526","1.6303","1.6698","1.7567","1.7109","1.8069","1.672","1.7889","1.7457","1.1132","0.7727","0.7302","0.7886","0.5881","0.7103","0.837","0.6465","0.6518","0.6339","0.8336","0.7793","0.6051","0.6957","0.5137","0.5288","0.7211","0.7794","0.7164","0.6874","0.6729","0.5087","0.9111","1.0077","0.9609","0.7772","0.3873","0.415","0.5602","0.5583","0.5749",
"Liechtenstein","LIE","Carbon dioxide (CO2) emissions from Agriculture (Mt CO2e)","EN.GHG.CO2.AG.MT.CE.AR5","","","","","","","","","","","","","","","","","","","","","","","","","","","","","","","","","","","","","","","","","","","","","","","","","","","","","","","","","","","","","","","","","",
"Sri Lanka","LKA","Carbon dioxide (CO2) emissions from Agriculture (Mt CO2e)","EN.GHG.CO2.AG.MT.CE.AR5","","","","","","","","","","","0.1732","0.1732","0.1732","0.1732","0.2455","0.1241","0.17","0.1801","0.2385","0.2247","0.2374","0.1933","0.1787","0.2026","0.2356","0.2329","0.229","0.2483","0.2698","0.2525","0.232","0.2483","0.2712","0.297","0.2964","0.2752","0.292","0.2736","0.3027","0.339","0.3328","0.3168","0.3253","0.2609","0.3445","0.2499","0.2671","0.2719","0.2774","0.286","0.3086","0.3555","0.3459","0.3546","0.392","0.4535","0.3065","0.2561","0.2876","0.2257","0.3542","0.183","0.3162","0.3282","0.3407",
"Lower middle income","LMC","Carbon dioxide (CO2) emissions from Agriculture (Mt CO2e)","EN.GHG.CO2.AG.MT.CE.AR5","","","","","","","","","","","8.3991","8.3991","8.3991","8.3991","9.3265","9.3338","10.2661","11.6284","12.0764","13.5398","13.9069","14.3359","15.135","16.5355","17.4766","18.5742","21.1962","19.9064","22.5494","22.4044","22.7693","23.538","23.9364","24.7669","25.8673","27.1772","28.5366","29.4557","30.2741","31.241","30.6299","30.793","29.7807","30.7508","33.2092","34.1967","35.5387","37.4385","38.2127","40.2327","41.6805","42.1169","41.903","43.4911","44.0131","44.1411","44.9102","45.4795","47.199","49.0703","51.6983","50.5035","50.9142","52.0052","53.1043",
"Low & middle income","LMY","Carbon dioxide (CO2) emissions from Agriculture (Mt CO2e)","EN.GHG.CO2.AG.MT.CE.AR5","","","","","","","","","","","22.638","22.638","22.638","22.638","23.4045","25.6747","28.4997","32.2693","33.9639","38.9681","41.421","41.8572","43.4166","45.6213","49.6543","50.0742","53.0547","54.7602","58.6375","58.5652","60.3482","60.6857","62.7423","60.1498","63.0274","69.7007","73.931","74.3407","77.0145","79.8955","78.5597","78.9044","84.6146","85.3854","89.6137","80.6478","85.4405","87.4153","86.3516","95.5384","93.5441","99.395","100.6177","104.6327","101.5724","102.451","100.7153","98.5247","100.2779","104.2447","108.1484","108.0462","104.2877","105.5929","107.1837",
"Lesotho","LSO","Carbon dioxide (CO2) emissions from Agriculture (Mt CO2e)","EN.GHG.CO2.AG.MT.CE.AR5","","","","","","","","","","","","","","","","","","","","","","","","","","","","","","","","","","","","","","","","","","","","","","","","","","","","","","","","","","","","","","","","","",
"Late-demographic dividend","LTE","Carbon dioxide (CO2) emissions from Agriculture (Mt CO2e)","EN.GHG.CO2.AG.MT.CE.AR5","","","","","","","","","","","17.2059","17.2059","17.2059","17.2059","17.4214","20.0593","20.8572","23.2263","25.4917","27.4942","29.2908","28.7245","29.2656","31.3754","32.7403","32.0009","32.1168","34.4559","36.7061","35.3905","35.0464","33.8518","34.234","31.5097","33.1985","37.6705","39.1846","38.1509","39.4136","41.554","41.6659","41.4839","47.9075","47.8688","48.9399","38.9119","41.8075","42.5188","39.9282","46.4261","43.13","49.7459","50.7203","52.5365","47.8852","51.2063","46.7041","43.3462","44.0657","46.2272","47.8097","47.7751","49.1975","48.7671","49.0549",
"Lithuania","LTU","Carbon dioxide (CO2) emissions from Agriculture (Mt CO2e)","EN.GHG.CO2.AG.MT.CE.AR5","","","","","","","","","","","0","0","0","0","0","0","0","0","0","0","0","0","0","0","0","0","0","0","0","0","0","0","0","0","0","0","0","0","0","0","0","0","0","0","0","0","0","0","0.2862","0.3212","0.2776","0.2865","0.2855","0.2682","0.3073","0.4264","0.428","0.4652","0.4345","0.4332","0.474","0.4111","0.2877","0.2887","0.2897",
"Luxembourg","LUX","Carbon dioxide (CO2) emissions from Agriculture (Mt CO2e)","EN.GHG.CO2.AG.MT.CE.AR5","","","","","","","","","","","","","","","","","","","","","","","","","","","","","","","","","","","","","","","","","","","","","","","","","","","","","","","","","","","","","","","","","",
"Latvia","LVA","Carbon dioxide (CO2) emissions from Agriculture (Mt CO2e)","EN.GHG.CO2.AG.MT.CE.AR5","","","","","","","","","","","0.0576","0.0576","0.0576","0.0576","0.0625","0.0625","0.0661","0.0741","0.0759","0.0781","0.0802","0.0804","0.0803","0.0855","0.0855","0.0875","0.0908","0.093","0.0864","0.0704","0.0661","0.0618","0.0574","0.0531","0.0488","0.0444","0.0419","0.0576","0.0478","0.0813","0.0659","0.0946","0.0856","0.0871","0.0818","0.0633","0.0815","0.0877","0.1053","0.1011","0.0964","0.097","0.1541","0.1598","0.1488","0.2006","0.1946","0.1814","0.1818","0.1933","0.2095","0.2113","0.2051","0.204","0.2031",
"Macao SAR, China","MAC","Carbon dioxide (CO2) emissions from Agriculture (Mt CO2e)","EN.GHG.CO2.AG.MT.CE.AR5","","","","","","","","","","","","","","","","","","","","","","","","","","","","","","","","","","","","","","","","","","","","","","","","","","","","","","","","","","","","","","","","","",
"St. Martin (French part)","MAF","Carbon dioxide (CO2) emissions from Agriculture (Mt CO2e)","EN.GHG.CO2.AG.MT.CE.AR5","","","","","","","","","","","","","","","","","","","","","","","","","","","","","","","","","","","","","","","","","","","","","","","","","","","","","","","","","","","","","","","","","",
"Morocco","MAR","Carbon dioxide (CO2) emissions from Agriculture (Mt CO2e)","EN.GHG.CO2.AG.MT.CE.AR5","","","","","","","","","","","0.2098","0.2098","0.2098","0.2098","0.1626","0.1565","0.211","0.1804","0.1949","0.2593","0.2656","0.1798","0.1867","0.2247","0.2008","0.2356","0.2514","0.2385","0.311","0.2904","0.3258","0.2794","0.2576","0.3344","0.289","0.3175","0.2615","0.369","0.373","0.4341","0.4627","0.4725","0.4782","0.4594","0.465","0.4248","0.463","0.4306","0.3667","0.3363","0.3499","0.3656","0.3709","0.5601","0.5219","0.4748","0.4942","0.6519","0.5741","0.5261","0.5262","0.2416","0.4083","0.3596","0.3169",
"Monaco","MCO","Carbon dioxide (CO2) emissions from Agriculture (Mt CO2e)","EN.GHG.CO2.AG.MT.CE.AR5","","","","","","","","","","","","","","","","","","","","","","","","","","","","","","","","","","","","","","","","","","","","","","","","","","","","","","","","","","","","","","","","","",
"Moldova","MDA","Carbon dioxide (CO2) emissions from Agriculture (Mt CO2e)","EN.GHG.CO2.AG.MT.CE.AR5","","","","","","","","","","","0","0","0","0","0","0","0","0","0","0","0","0","0","0","0","0","0","0","0","0","0","0","0","0","0","0","0","0","0","0","0","0","0","0","0","0","0","0","0","0","0.017","0.0173","0.0173","0.0989","0.0599","0.0791","0.1288","0.124","0.2026","0.1223","0.1454","0.1132","0.0688","0.0702","0.0717",
"Madagascar","MDG","Carbon dioxide (CO2) emissions from Agriculture (Mt CO2e)","EN.GHG.CO2.AG.MT.CE.AR5","","","","","","","","","","","","","","","","","","","","","","","","","","","","","","","","","","","","","","","","","","","","","","","","","","","","","","","","","","","","","","","","","",
"Maldives","MDV","Carbon dioxide (CO2) emissions from Agriculture (Mt CO2e)","EN.GHG.CO2.AG.MT.CE.AR5","","","","","","","","","","","","","","","","","","","","","","","","","","","","","","","","","","","","","","","","","","","","","","","","","","","","","","","","","","","","","","","","","",
"Middle East, North Africa, Afghanistan & Pakistan","MEA","Carbon dioxide (CO2) emissions from Agriculture (Mt CO2e)","EN.GHG.CO2.AG.MT.CE.AR5","","","","","","","","","","","2.5604","2.5604","2.5604","2.5604","2.5592","2.6918","3.0077","3.2416","3.3416","4.0944","4.4812","4.3069","4.708","4.8511","4.904","5.23","6.3282","6.3041","6.3311","6.9475","6.7573","6.8669","7.3828","7.5457","7.3766","8.5741","8.4977","8.9385","9.0758","9.1798","9.696","9.7204","9.998","9.5389","10.8081","10.7959","10.3192","10.3154","10.4041","11.276","10.586","10.3943","9.619","9.9706","10.4565","9.3411","11.6417","11.6667","11.8877","11.4495","11.3293","10.9494","10.6346","10.5543","10.5471",
"Mexico","MEX","Carbon dioxide (CO2) emissions from Agriculture (Mt CO2e)","EN.GHG.CO2.AG.MT.CE.AR5","","","","","","","","","","","1.1997","1.1997","1.1997","1.1997","1.3602","1.626","2.0023","1.966","1.9422","2.3234","2.3187","3.0095","3.0821","2.7837","3.107","3.3047","3.1329","3.1684","2.9587","2.9711","2.9075","2.195","2.7196","2.705","2.8381","2.8024","3.3665","3.268","3.4472","3.2151","3.2874","3.4619","2.6432","2.918","2.971","2.7518","2.8074","2.9097","2.7513","2.887","2.9124","2.8956","3.0444","3.4335","3.3668","3.0915","3.1866","2.7616","2.6265","2.5564","2.743","2.8076","2.5007","2.4713","2.4426",
"Marshall Islands","MHL","Carbon dioxide (CO2) emissions from Agriculture (Mt CO2e)","EN.GHG.CO2.AG.MT.CE.AR5","","","","","","","","","","","","","","","","","","","","","","","","","","","","","","","","","","","","","","","","","","","","","","","","","","","","","","","","","","","","","","","","","",
"Middle income","MIC","Carbon dioxide (CO2) emissions from Agriculture (Mt CO2e)","EN.GHG.CO2.AG.MT.CE.AR5","","","","","","","","","","","21.7745","21.7745","21.7745","21.7745","22.5114","24.7093","27.3149","31.0441","32.586","37.525","39.794","40.2913","41.8611","44.0781","47.9898","48.3216","51.4244","53.0904","56.8808","56.8543","58.5413","59.0137","60.9534","58.4041","61.9142","68.928","73.2008","73.5521","76.4263999999999","79.1852","77.7227","78.2579","83.9628","84.7515","88.7801","79.8685","84.8354","86.7196","85.8378999999999","95.0096","92.823","98.6156","99.9013","103.9453","100.8995","101.9423","99.8042","97.517","99.317","103.4675","107.7611","107.6312","103.7275","105.0346","106.6088",
"North Macedonia","MKD","Carbon dioxide (CO2) emissions from Agriculture (Mt CO2e)","EN.GHG.CO2.AG.MT.CE.AR5","","","","","","","","","","","0.0091","0.0091","0.0091","0.0091","0.0092","0.0096","0.0101","0.0103","0.0108","0.0125","0.0118","0.0121","0.0126","0.0103","0.0202","0.0215","0.0156","0.0171","0.0126","0.0211","0.0171","0.0111","0.0269","0.0226","0.06","0.0536","0.0676","0.0578","0.0399","0.0354","0.0303","0.0157","0.0217","0.0126","0.0105","0.0113","0.0157","0.0129","0.0066","0.0035","0.016","0.0143","0.0193","0.0253","0.0225","0.0201","0.0214","0.024","0.0148","0.0241","0.0381","0.0206","0.0204","0.0201","0.0199",
"Mali","MLI","Carbon dioxide (CO2) emissions from Agriculture (Mt CO2e)","EN.GHG.CO2.AG.MT.CE.AR5","","","","","","","","","","","0","0","0","0","0","0","0","0","0","0","0","0","0","0","0","0","0","0","0","0","0","0","0","0","0","0","0","0","0","0","0","0","0","0","0","0","0","0","0","0","0","0","0","0.1487","0.1136","0.1146","0.2286","0.369","0.3314","0.283","0.1916","0.1744","0.1992","0.1653","0.1429",
"Malta","MLT","Carbon dioxide (CO2) emissions from Agriculture (Mt CO2e)","EN.GHG.CO2.AG.MT.CE.AR5","","","","","","","","","","","","","","","","","","","","","","","","","","","","","","","","","","","","","","","","","","","","","","","","","","","","","","","","","","","","","","","","","",
"Myanmar","MMR","Carbon dioxide (CO2) emissions from Agriculture (Mt CO2e)","EN.GHG.CO2.AG.MT.CE.AR5","","","","","","","","","","","0.0574","0.0574","0.0574","0.0574","0.0599","0.0668","0.0674","0.0784","0.1067","0.1136","0.105","0.1455","0.1802","0.1807","0.2002","0.2106","0.1807","0.1446","0.105","0.1007","0.0908","0.0938","0.0855","0.0943","0.1738","0.1707","0.1853","0.2049","0.2085","0.1925","0.2554","0.1163","0.1969","0.1964","0.0896","0.074","0.0789","0.0805","0.088","0.099","0.1081","0.1251","0.1477","0.1711","0.262","0.2793","0.5061","0.6003","0.9248","0.8219","1.2538","0.99","1.3473","1.4967","1.6687",
"Middle East, North Africa, Afghanistan & Pakistan (excluding high income)","MNA","Carbon dioxide (CO2) emissions from Agriculture (Mt CO2e)","EN.GHG.CO2.AG.MT.CE.AR5","","","","","","","","","","","2.465","2.465","2.465","2.465","2.453","2.5743","2.8932","3.1303","3.2432","4.0058","4.3575","4.1661","4.5546","4.6233","4.6109","4.9388","6.0155","5.9179","5.9606","6.5152","6.293","6.404","6.9061","7.1324","7.0393","8.242","8.1543","8.5418","8.7434","8.8057","9.2902","9.2769","9.5567","9.0748","10.3519","10.4482","9.9407","9.8964","10.0998","10.975","10.3025","10.037","9.2315","9.6418","10.1282","8.9496","11.2094","11.2863","11.5077","11.1312","11.0952","10.6246","10.3318","10.2567","10.2536",
"Montenegro","MNE","Carbon dioxide (CO2) emissions from Agriculture (Mt CO2e)","EN.GHG.CO2.AG.MT.CE.AR5","","","","","","","","","","","","","","","","","","","","","","","","","","","","","","","","","","","","","","","","","","","","","","","","","","","","","","","","","","","","","","","","","",
"Mongolia","MNG","Carbon dioxide (CO2) emissions from Agriculture (Mt CO2e)","EN.GHG.CO2.AG.MT.CE.AR5","","","","","","","","","","","","","","","","","","","","","","","","","","","","","","","","","","","","","","","","","","","","","","","","","","","","","","","","","","","","","","","","","",
"Northern Mariana Islands","MNP","Carbon dioxide (CO2) emissions from Agriculture (Mt CO2e)","EN.GHG.CO2.AG.MT.CE.AR5","","","","","","","","","","","","","","","","","","","","","","","","","","","","","","","","","","","","","","","","","","","","","","","","","","","","","","","","","","","","","","","","","",
"Mozambique","MOZ","Carbon dioxide (CO2) emissions from Agriculture (Mt CO2e)","EN.GHG.CO2.AG.MT.CE.AR5","","","","","","","","","","","","","","","","","","","","","","","","","","","","","","","","","","","","","","","","","","","","","","","","","","","","","","","","","","","","","","","","","",
"Mauritania","MRT","Carbon dioxide (CO2) emissions from Agriculture (Mt CO2e)","EN.GHG.CO2.AG.MT.CE.AR5","","","","","","","","","","","","","","","","","","","","","","","","","","","","","","","","","","","","","","","","","","","","","","","","","","","","","","","","","","","","","","","","","",
"Mauritius","MUS","Carbon dioxide (CO2) emissions from Agriculture (Mt CO2e)","EN.GHG.CO2.AG.MT.CE.AR5","","","","","","","","","","","0.0365","0.0365","0.0365","0.0365","0.0392","0.0295","0.0117","0.0182","0.005","0.0063","0","0.0132","0.0126","0.0138","0.0189","0.0145","0.0151","0.0157","0.0113","0.0157","0.0126","0.0094","0.0094","0","0","0","0.0115","0.0082","0","0","0","0.0066","0.0126","0","0","0","0","0","0","0","0","0","0","0.0205","0.0215","0.0113","0.0111","0.0136","0.019","0.0124","0.0095","0.0102","0.0126","0.0133","0.0141",
"Malawi","MWI","Carbon dioxide (CO2) emissions from Agriculture (Mt CO2e)","EN.GHG.CO2.AG.MT.CE.AR5","","","","","","","","","","","","","","","","","","","","","","","","","","","","","","","","","","","","","","","","","","","","","","","","","","","","","","","","","","","","","","","","","",
"Malaysia","MYS","Carbon dioxide (CO2) emissions from Agriculture (Mt CO2e)","EN.GHG.CO2.AG.MT.CE.AR5","","","","","","","","","","","0.1519","0.1519","0.1519","0.1519","0.09","0.1136","0.1281","0.1194","0.1537","0.2187","0.1887","0.2187","0.2448","0.2862","0.4473","0.4112","0.4084","0.3995","0.4707","0.6394","0.8997","0.9146","0.7375","0.7197","0.7967","0.5715","0.6401","0.835","1.0487","1.0631","1.048","0.9981","1.0941","1.1306","1.5474","1.2701","1.3707","1.4002","1.0826","1.5232","1.2718","1.3148","1.2739","1.5279","1.3658","1.1268","1.3017","1.2647","1.3815","1.3779","1.1747","1.4545","1.2248","1.2058","1.1893",
"North America","NAC","Carbon dioxide (CO2) emissions from Agriculture (Mt CO2e)","EN.GHG.CO2.AG.MT.CE.AR5","","","","","","","","","","","3.8351","3.8351","3.8351","3.8351","3.6707","4.3379","4.5338","4.3705","4.71","5.0163","5.3583","4.9745","4.7691","5.5039","5.6623","5.8228","5.4957","5.6888","5.8263","6.0579","5.7494","5.9963","6.3369","6.6552","6.5485","6.795","6.9392","7.3988","7.2959","7.3624","7.4725","7.7471","8.0017","8.2164","7.6999","7.4324","8.3349","7.9291","7.4013","7.8186","8.7137","9.3418","9.7897","9.5536","9.7838","10.2787","10.1366","10.4218","10.2758","10.8332","10.929","10.1612","10.8294","11.6496","11.7237",
"Namibia","NAM","Carbon dioxide (CO2) emissions from Agriculture (Mt CO2e)","EN.GHG.CO2.AG.MT.CE.AR5","","","","","","","","","","","","","","","","","","","","","","","","","","","","","","","","","","","","","","","","","","","","","","","","","","","","","","","","","","","","","","","","","",
"New Caledonia","NCL","Carbon dioxide (CO2) emissions from Agriculture (Mt CO2e)","EN.GHG.CO2.AG.MT.CE.AR5","","","","","","","","","","","","","","","","","","","","","","","","","","","","","","","","","","","","","","","","","","","","","","","","","","","","","","","","","","","","","","","","","",
"Niger","NER","Carbon dioxide (CO2) emissions from Agriculture (Mt CO2e)","EN.GHG.CO2.AG.MT.CE.AR5","","","","","","","","","","","","","","","","","","","","","","","","","","","","","","","","","","","","","","","","","","","","","","","","","","","","","","","","","","","","","","","","","",
"Nigeria","NGA","Carbon dioxide (CO2) emissions from Agriculture (Mt CO2e)","EN.GHG.CO2.AG.MT.CE.AR5","","","","","","","","","","","0.0295","0.0295","0.0295","0.0295","0.0251","0.0361","0.0566","0.0613","0.0363","0.0789","0.1153","0.156","0.0863","0.121","0.1182","0.1492","0.0819","0.053","0.1037","0.1047","0.0841","0.0651","0.0732","0.0732","0.0786","0.0314","0.0424","0.0508","0.1079","0.1378","0.1293","0.2152","0.104","0.2047","0.1537","0.1623","0.2359","0.1606","0.291","0.1943","0.4904","0.1421","0.333","0.5692","0.3259","0.2617","0.3176","0.6533","0.6065","0.646","0.7779","1.2703","0.9849","1.0512","1.1236",
"Nicaragua","NIC","Carbon dioxide (CO2) emissions from Agriculture (Mt CO2e)","EN.GHG.CO2.AG.MT.CE.AR5","","","","","","","","","","","0.0623","0.0623","0.0623","0.0623","0.0429","0.0356","0.0477","0.0686","0.067","0.0372","0.0597","0.0459","0.0585","0.0908","0.0676","0.0852","0.1078","0.0583","0.1004","0.0298","0.0478","0.0383","0.0402","0.033","0.0185","0.0398","0.0463","0.0396","0.0377","0.0404","0.03","0.023","0.0228","0.0408","0.0316","0.0171","0.0482","0.0702","0.0756","0.0778","0.0788","0.0435","0.0812","0.0756","0.0554","0.1167","0.1094","0.1549","0.0669","0.0956","0.1532","0.1377","0.097","0.0901","0.0841",
"Netherlands","NLD","Carbon dioxide (CO2) emissions from Agriculture (Mt CO2e)","EN.GHG.CO2.AG.MT.CE.AR5","","","","","","","","","","","0.0096","0.0096","0.0096","0.0096","0.0185","0.0231","0.0178","0.0086","0.005","0.0076","0.0112","0.0092","0.0061","0.0056","0.0064","0.0054","0.0066","0.0144","0.0115","0.0115","0.0115","0.022","0.022","0.0199","0.0388","0.0409","0.0471","0.0409","0.0325","0.0309","0.0487","0.0382","0.0267","0.0267","0.032","0.0267","0.0246","0.0414","0.0309","0.0372","0.0419","0.0272","0.0272","0.0272","0.0272","0.0288","0.0304","0.0304","0.0272","0.1135","0.1445","0.1528","0.1455","0.1685","0.1958",
"Norway","NOR","Carbon dioxide (CO2) emissions from Agriculture (Mt CO2e)","EN.GHG.CO2.AG.MT.CE.AR5","","","","","","","","","","","0.0009","0.0009","0.0009","0.0009","0.0013","0.0013","0.0013","0.0025","0.0009","0.0017","0.003","0.0019","0.0019","0.0024","0.0038","0.0044","0.0036","0.0042","0.0033","0.0022","0.0022","0","0","0","0.0031","0.0031","0.0031","0.0031","0.0031","0.0063","0.0094","0.0126","0.0094","0.0094","0.0157","0.0189","0.0157","0.0063","0","0","0","0.0094","0.0094","0.0099","0.0083","0.0072","0.0067","0.0054","0.0051","0.0062","0.0056","0.0051","0.0004","0.0004","0.0004",
"Nepal","NPL","Carbon dioxide (CO2) emissions from Agriculture (Mt CO2e)","EN.GHG.CO2.AG.MT.CE.AR5","","","","","","","","","","","0.0267","0.0267","0.0267","0.0267","0.0228","0.016","0.0206","0.025","0.0237","0.0229","0.0226","0.0267","0.0279","0.0385","0.0355","0.0347","0.0412","0.0581","0.0511","0.06","0.0681","0.0743","0.1034","0.0921","0.1123","0.1142","0.123","0.1289","0.1439","0.1051","0.0889","0.0862","0.0909","0.0849","0.0294","0.0004","0.0038","0","0","0","0","0","0.1033","0.1725","0.1429","0.1764","0.1725","0.1938","0.2267","0.2341","0.1763","0.236","0.1114","0.0981","0.087",
"Nauru","NRU","Carbon dioxide (CO2) emissions from Agriculture (Mt CO2e)","EN.GHG.CO2.AG.MT.CE.AR5","","","","","","","","","","","","","","","","","","","","","","","","","","","","","","","","","","","","","","","","","","","","","","","","","","","","","","","","","","","","","","","","","",
"New Zealand","NZL","Carbon dioxide (CO2) emissions from Agriculture (Mt CO2e)","EN.GHG.CO2.AG.MT.CE.AR5","","","","","","","","","","","0.0922","0.0922","0.0922","0.0922","0.0525","0.0319","0.0717","0.0809","0.0789","0.0735","0.0452","0.0494","0.0593","0.0686","0.0591","0.0623","0.0592","0.093","0.0485","0.0528","0.1271","0.175","0.256","0.2761","0.3153","0.3628","0.3096","0.3387","0.3481","0.3174","0.4412","0.5105","0.5831","0.6393","0.6636","0.5437","0.5471","0.5465","0.5674","0.6329","0.6592","0.6495","0.6896","0.6392","0.714","0.7706","0.7059","0.8136","1.0173","1.0283","0.9962","0.9006","0.7104","0.7007","0.6911",
"OECD members","OED","Carbon dioxide (CO2) emissions from Agriculture (Mt CO2e)","EN.GHG.CO2.AG.MT.CE.AR5","","","","","","","","","","","21.4079","21.4079","21.4079","21.4079","20.6322","22.6742","23.9535","24.1378","26.2215","27.8882","28.6822","29.087","29.1231","30.495","30.4087","31.0813","31.6528","30.7644","31.089","31.3134","27.5019","25.8977","24.567","25.7353","26.2587","27.0479","28.8354","29.0736","28.8728","29.7215","29.1784","30.1024","29.1927","30.3114","30.3059","28.3938","27.8277","28.6081","26.7623","28.4594","29.3236","29.4799","31.0461","32.1278","32.0657","33.0194","33.9312","33.8416","30.9665","31.9478","33.0122","31.0042","29.8428","30.2344","30.1667",
"Oman","OMN","Carbon dioxide (CO2) emissions from Agriculture (Mt CO2e)","EN.GHG.CO2.AG.MT.CE.AR5","","","","","","","","","","","","","","","","","","","","","","","","","","","","","","","","","","","","","","","","","","","","","","","","","","","","","","","","","","","","","","","","","",
"Other small states","OSS","Carbon dioxide (CO2) emissions from Agriculture (Mt CO2e)","EN.GHG.CO2.AG.MT.CE.AR5","","","","","","","","","","","0.1624","0.1624","0.1624","0.1624","0.1421","0.1625","0.138","0.1403","0.1262","0.1289","0.123","0.134","0.132","0.1473","0.1531","0.1509","0.1546","0.1615","0.1496","0.1298","0.1205","0.111","0.1116","0.1038","0.0948","0.0768","0.0838","0.0678","0.0686","0.061","0.0621","0.0749","0.0817","0.063","0.0682","0.0589","0.0409","0.0324","0.0696","0.0835","0.0641","0.0667","0.0667","0.0927","0.1024","0.1097","0.0976","0.0989","0.1105","0.1017","0.1016","0.0853","0.0783","0.0789","0.0797",
"Pakistan","PAK","Carbon dioxide (CO2) emissions from Agriculture (Mt CO2e)","EN.GHG.CO2.AG.MT.CE.AR5","","","","","","","","","","","0.5833","0.5833","0.5833","0.5833","0.5992","0.7542","0.8501","0.9349","1.0333","1.1046","1.1787","1.1615","1.3277","1.2786","1.2691","1.5575","1.9532","1.8586","1.9121","2.1598","2.1816","2.2022","2.4645","2.5435","2.6428","2.9817","3.0069","3.1545","3.0957","3.3236","3.3969","3.464","3.5191","3.7867","4.1953","4.4629","4.0206","4.4556","4.5802","5.331","4.723","4.7519","4.285","4.7903","5.0097","3.9966","5.5086","5.156","5.221","5.1982","5.4888","5.5854","5.1254","5.1192","5.1369",
"Panama","PAN","Carbon dioxide (CO2) emissions from Agriculture (Mt CO2e)","EN.GHG.CO2.AG.MT.CE.AR5","","","","","","","","","","","","","","","","","","","","","","","","","","","","","","","","","","","","","","","","","","","","","","","","","","","","","","","","","","","","","","","","","",
"Peru","PER","Carbon dioxide (CO2) emissions from Agriculture (Mt CO2e)","EN.GHG.CO2.AG.MT.CE.AR5","","","","","","","","","","","0.2024","0.2024","0.2024","0.2024","0.2912","0.2118","0.2329","0.2411","0.2367","0.2071","0.1916","0.2117","0.1536","0.1224","0.1162","0.0878","0.2535","0.3284","0.3148","0.2289","0.1576","0.1235","0.1217","0.1974","0.2251","0.261","0.2891","0.3357","0.3314","0.3189","0.3609","0.3758","0.3875","0.3944","0.4051","0.433","0.4805","0.466","0.4951","0.5425","0.5316","0.5685","0.5912","0.7464","0.6997","0.9182","0.7921","0.9036","0.6984","1.1472","0.883","1.2647","0.973","0.9274","0.9142",
"Philippines","PHL","Carbon dioxide (CO2) emissions from Agriculture (Mt CO2e)","EN.GHG.CO2.AG.MT.CE.AR5","","","","","","","","","","","0.3696","0.3696","0.3696","0.3696","0.3941","0.3123","0.3562","0.3883","0.4207","0.4478","0.3678","0.3678","0.4024","0.4219","0.3242","0.3845","0.5686","0.7182","0.6917","0.7082","0.7335","0.6809","0.7363","0.7781","0.7184","0.6642","0.8966","1.1104","0.7169","0.9645","0.985","0.9325","0.9033","0.7948","0.9612","0.9638","0.9638","1.187","0.9837","0.9874","0.9491","0.9842","1.0356","1.2396","1.5724","1.3769","1.4932","1.5033","1.3916","1.2345","1.5007","1.25","1.2878","1.2323","1.1845",
"Palau","PLW","Carbon dioxide (CO2) emissions from Agriculture (Mt CO2e)","EN.GHG.CO2.AG.MT.CE.AR5","","","","","","","","","","","","","","","","","","","","","","","","","","","","","","","","","","","","","","","","","","","","","","","","","","","","","","","","","","","","","","","","","",
"Papua New Guinea","PNG","Carbon dioxide (CO2) emissions from Agriculture (Mt CO2e)","EN.GHG.CO2.AG.MT.CE.AR5","","","","","","","","","","","","","","","","","","","","","","","","","","","","","","","","","","","","","","","","","","","","","","","","","","","","","","","","","","","","","","","","","",
"Poland","POL","Carbon dioxide (CO2) emissions from Agriculture (Mt CO2e)","EN.GHG.CO2.AG.MT.CE.AR5","","","","","","","","","","","2.368","2.368","2.368","2.368","2.6665","2.8851","2.8459","2.9806","3.5201","3.267","3.4196","3.4137","3.3307","3.7196","3.1828","3.1891","3.4378","3.2976","3.6876","3.4786","1.6773","1.4147","1.6835","1.77","1.8328","1.8417","1.9454","1.9168","1.2754","1.3455","1.7179","1.7005","1.4373","1.6957","1.5725","1.6804","1.7563","1.8517","1.749","1.9209","1.8684","1.9779","2.1193","1.9245","1.7349","1.8265","1.9632","2.0226","1.7432","1.8978","1.9052","1.7747","1.6149","1.3497","1.3322",
"Pre-demographic dividend","PRE","Carbon dioxide (CO2) emissions from Agriculture (Mt CO2e)","EN.GHG.CO2.AG.MT.CE.AR5","","","","","","","","","","","0.3609","0.3609","0.3609","0.3609","0.4352","0.5817","0.5455","0.5892","0.5001","0.6092","0.6775","0.6723","0.5962","0.5357","0.6811","0.7226","0.5677","0.5655","0.7173","0.6082","0.5886","0.5309","0.5252","0.8469","0.7583","0.6022","0.8072","0.8404","0.8152","0.8523","0.8642","0.981","1.1897","0.5393","0.6124","0.7545","0.8713","0.6843","0.8468","0.8341","1.2911","0.9133","1.1922","2.0203","1.7643","1.4689","2.1061","2.3336","2.2343","2.3859","2.1461","2.5786","2.5269","2.6014","2.7052",
"Puerto Rico (US)","PRI","Carbon dioxide (CO2) emissions from Agriculture (Mt CO2e)","EN.GHG.CO2.AG.MT.CE.AR5","","","","","","","","","","","","","","","","","","","","","","","","","","","","","","","","","","","","","","","","","","","","","","","","","","","","","","","","","","","","","","","","","",
"Korea, Dem. People's Rep.","PRK","Carbon dioxide (CO2) emissions from Agriculture (Mt CO2e)","EN.GHG.CO2.AG.MT.CE.AR5","","","","","","","","","","","0.6427","0.6427","0.6427","0.6427","0.6677","0.6985","0.9205","1.0192","1.177","1.1801","1.1974","1.2227","1.2191","1.2521","1.2776","1.3231","1.2729","1.2729","1.342","1.3577","1.3756","1.3813","1.3711","1.3451","0.66","0.2153","0.1311","0.2519","0.2142","0.2247","0.2703","0.2253","0.2213","0.2213","0.2011","0.1697","0.2011","0.2294","0.1389","0.121","0.3514","0.4086","0.3536","0.2848","0.2351","0.158","0.214","0.2008","0.2966","0.117","0.0127","0.0244","0.0174","0.0173","0.0172",
"Portugal","PRT","Carbon dioxide (CO2) emissions from Agriculture (Mt CO2e)","EN.GHG.CO2.AG.MT.CE.AR5","","","","","","","","","","","0.2213","0.2213","0.2213","0.2213","0.1889","0.2382","0.2142","0.2365","0.2092","0.2181","0.1634","0.1531","0.156","0.1338","0.1208","0.1272","0.1316","0.1275","0.1209","0.1211","0.1339","0.1205","0.1042","0.1058","0.0901","0.0838","0.0728","0.0634","0.0623","0.0592","0.054","0.0524","0.0524","0.0524","0.0529","0.0508","0.0513","0.0471","0.0502","0.0519","0.0551","0.0414","0.0414","0.0414","0.0335","0.0398","0.0335","0.0368","0.0338","0.0365","0.0348","0.0188","0.0109","0.0093","0.0083",
"Paraguay","PRY","Carbon dioxide (CO2) emissions from Agriculture (Mt CO2e)","EN.GHG.CO2.AG.MT.CE.AR5","","","","","","","","","","","0","0","0","0","0","0","0","0","0","0","0","0","0","0","0","0","0","0","0","0","0","0","0","0","0","0","0","0","0","0","0","0","0","0","0","0","0","0","0","0.0285","0.0313","0.0355","0.0602","0.0436","0.0547","0.0334","0.0484","0.0443","0.0504","0.0778","0.075","0.08","0.032","0.0309","0.03",
"West Bank and Gaza","PSE","Carbon dioxide (CO2) emissions from Agriculture (Mt CO2e)","EN.GHG.CO2.AG.MT.CE.AR5","","","","","","","","","","","","","","","","","","","","","","","","","","","","","","","","","","","","","","","","","","","","","","","","","","","","","","","","","","","","","","","","","",
"Pacific island small states","PSS","Carbon dioxide (CO2) emissions from Agriculture (Mt CO2e)","EN.GHG.CO2.AG.MT.CE.AR5","","","","","","","","","","","","","","","","","","","","","","","","","","","","","","","","","","","","","","","","","","","","","","","","","","","","","","","","","","","","","","","","","",
"Post-demographic dividend","PST","Carbon dioxide (CO2) emissions from Agriculture (Mt CO2e)","EN.GHG.CO2.AG.MT.CE.AR5","","","","","","","","","","","19.855","19.855","19.855","19.855","19.1005","20.4699","21.3319","21.6354","23.2362","24.7548","25.526","25.8031","25.4998","26.6708","26.8925","27.4254","27.7313","26.8123","26.7137","26.5305","24.1364","23.3325","20.9556","21.4704","22.0907","22.2346","23.265","23.3161","22.8395","23.4616","22.9934","23.7934","23.5741","23.8385","23.8426","22.2023","21.4153","22.393","22.2011","22.8708","24.15","24.7701","25.9304","26.4127","26.8933","27.2122","27.7695","29.0528","26.7245","28.0988","28.1477","26.4714","24.506","25.0236","25.0067",
"French Polynesia","PYF","Carbon dioxide (CO2) emissions from Agriculture (Mt CO2e)","EN.GHG.CO2.AG.MT.CE.AR5","","","","","","","","","","","","","","","","","","","","","","","","","","","","","","","","","","","","","","","","","","","","","","","","","","","","","","","","","","","","","","","","","",
"Qatar","QAT","Carbon dioxide (CO2) emissions from Agriculture (Mt CO2e)","EN.GHG.CO2.AG.MT.CE.AR5","","","","","","","","","","","0","0","0","0","0","0.0003","0.0005","0.0005","0.0006","0.0009","0.0011","0.0013","0.0009","0.0009","0.0009","0.0008","0.0008","0.0008","0.0009","0.0017","0.0016","0.0024","0.0024","0.0031","0.0094","0.0094","0.0019","0.0019","0.0008","0.0013","0.0008","0.0014","0.0016","0.0016","0.0016","0.0016","0.0016","0.0016","0.0016","0.0016","0.0016","0.0016","0.0016","0.0016","0.0016","0.0016","0.0014","0.0016","0.0016","0.0016","0.0018","0.0016","0.0018","0.0018","0.0018",
"Romania","ROU","Carbon dioxide (CO2) emissions from Agriculture (Mt CO2e)","EN.GHG.CO2.AG.MT.CE.AR5","","","","","","","","","","","1.0921","1.0921","1.0921","1.0921","1.2414","1.9156","1.5714","1.4771","1.9329","1.8291","1.5714","1.8983","1.8543","1.8936","1.7443","1.837","1.32","1.32","1.32","1.2304","1.3593","0.5029","0.5091","0.6003","0.3533","0.3489","0.3834","0.385","0.5249","0.3489","0.4651","0.4565","0.4007","0.3379","0.4699","0.4384","0.5044","0.5531","0.5971","0.5971","0.8166","0.9926","1.034","1.0487","0.9429","1.1476","1.1826","1.1971","1.1501","1.0175","1.1425","0.9608","0.8646","0.5599","0.5679",
"Russian Federation","RUS","Carbon dioxide (CO2) emissions from Agriculture (Mt CO2e)","EN.GHG.CO2.AG.MT.CE.AR5","","","","","","","","","","","5.0784","5.0784","5.0784","5.0784","5.4281","5.4281","5.6451","6.1825","6.2104","6.3112","6.8076","6.806","6.7896","7.1689","7.1167","7.1866","7.316","7.5398","7.1298","5.8819","5.4602","5.0385","4.6167","4.195","3.7732","3.3515","2.9297","2.508","2.0862","2.247","2.2037","2.3134","1.8826","2.1192","2.2557","2.3157","2.4289","3.0421","3.4406","3.8869","3.5589","3.9925","4.1936","3.9","3.8321","4.8022","5.45","4.6077","5.2609","5.9949","7.1664","5.6575","8.1336","8.1931","7.9893",
"Rwanda","RWA","Carbon dioxide (CO2) emissions from Agriculture (Mt CO2e)","EN.GHG.CO2.AG.MT.CE.AR5","","","","","","","","","","","","","","","","","","","","","","","","","","","","","","","","","","","","","","","","","","","","","","","","","","","","","","","","","","","","","","","","","",
"South Asia","SAS","Carbon dioxide (CO2) emissions from Agriculture (Mt CO2e)","EN.GHG.CO2.AG.MT.CE.AR5","","","","","","","","","","","2.8704","2.8704","2.8704","2.8704","3.6386","3.5001","3.9907","4.8521","5.1662","6.0591","5.998","6.3943","6.8415","7.8433","9.0202","9.6026","11.0198","9.8486","12.2161","12.5735","13.1033","13.8941","14.5422","15.0612","16.1171","16.8898","17.9555","18.781","19.5211","20.2226","18.8907","19.528","18.1306","19.1837","20.2417","21.5091","23.2335","24.4313","25.425","25.9881","27.5261","28.1031","28.1004","27.9161","28.3312","28.8453","27.7848","28.3384","29.5722","31.8435","33.8221","32.231","33.5938","34.8177","35.7702",
"Saudi Arabia","SAU","Carbon dioxide (CO2) emissions from Agriculture (Mt CO2e)","EN.GHG.CO2.AG.MT.CE.AR5","","","","","","","","","","","0","0","0","0","0","0","0.0053","0.0069","0.0016","0.0028","0.0204","0.038","0.0645","0.1453","0.205","0.2044","0.2302","0.3106","0.297","0.3541","0.3939","0.4086","0.4149","0.3646","0.2556","0.23","0.2661","0.3253","0.2593","0.2972","0.3426","0.3709","0.3693","0.3837","0.385","0.3143","0.3358","0.3845","0.2687","0.243","0.2441","0.3143","0.3452","0.2896","0.2801","0.3326","0.3467","0.3137","0.3099","0.2679","0.163","0.2484","0.2155","0.205","0.1952",
"Sudan","SDN","Carbon dioxide (CO2) emissions from Agriculture (Mt CO2e)","EN.GHG.CO2.AG.MT.CE.AR5","","","","","","","","","","","0.1058","0.1058","0.1058","0.1058","0.1065","0.1738","0.1257","0.0503","0.0179","0.0533","0.1263","0.1171","0.1241","0.0655","0.1351","0.1468","0.0943","0.0594","0.1229","0.0737","0.1042","0.0619","0.0699","0.069","0.0619","0.0498","0.1207","0.1084","0.0412","0.0432","0.0853","0.1113","0.0889","0.0676","0.0919","0.0879","0.0864","0.0889","0.0823","0.0863","0.1191","0.1297","0.1189","0.1685","0.1995","0.1185","0.3049","0.0684","0.1362","0.1839","0.0481","0.1375","0.2424","0.2772","0.3189",
"Senegal","SEN","Carbon dioxide (CO2) emissions from Agriculture (Mt CO2e)","EN.GHG.CO2.AG.MT.CE.AR5","","","","","","","","","","","0.0029","0.0029","0.0029","0.0029","0.0042","0.0038","0.0026","0.0087","0.0069","0.0154","0.0118","0.0108","0.0042","0.0116","0.0128","0.0119","0.0111","0.0058","0.0081","0.0075","0.0072","0.012","0.011","0.0126","0.0046","0.0003","0.0055","0.0138","0.017","0.0297","0.0292","0.0116","0.0481","0.003","0.0031","0.0031","0.0031","0.0104","0","0","0","0","0","0.055","0.0477","0.0518","0.0501","0.0644","0.0534","0.0383","0.0565","0.0093","0.0549","0.0572","0.0596",
"Singapore","SGP","Carbon dioxide (CO2) emissions from Agriculture (Mt CO2e)","EN.GHG.CO2.AG.MT.CE.AR5","","","","","","","","","","","","","","","","","","","","","","","","","","","","","","","","","","","","","","","","","","","","","","","","","","","","","","","","","","","","","","","","","",
"Solomon Islands","SLB","Carbon dioxide (CO2) emissions from Agriculture (Mt CO2e)","EN.GHG.CO2.AG.MT.CE.AR5","","","","","","","","","","","","","","","","","","","","","","","","","","","","","","","","","","","","","","","","","","","","","","","","","","","","","","","","","","","","","","","","","",
"Sierra Leone","SLE","Carbon dioxide (CO2) emissions from Agriculture (Mt CO2e)","EN.GHG.CO2.AG.MT.CE.AR5","","","","","","","","","","","","","","","","","","","","","","","","","","","","","","","","","","","","","","","","","","","","","","","","","","","","","","","","","","","","","","","","","",
"El Salvador","SLV","Carbon dioxide (CO2) emissions from Agriculture (Mt CO2e)","EN.GHG.CO2.AG.MT.CE.AR5","","","","","","","","","","","0.2043","0.2043","0.2043","0.2043","0.2043","0.2059","0.2301","0.2301","0.294","0.1826","0.1692","0.2899","0.1873","0.244","0.1886","0.2208","0.2195","0.2368","0.2367","0.2242","0.19","0.2162","0.2062","0.1938","0.1938","0.154","0.1744","0.284","0.2011","0.2032","0.1842","0.1898","0.1437","0.0921","0.1708","0.2078","0.1495","0.1512","0.1891","0.2316","0.1864","0.2273","0.2174","0.153","0.1925","0.2381","0.1769","0.2627","0.2399","0.1813","0.2719","0.1865","0.195","0.1815","0.1689",
"San Marino","SMR","Carbon dioxide (CO2) emissions from Agriculture (Mt CO2e)","EN.GHG.CO2.AG.MT.CE.AR5","","","","","","","","","","","","","","","","","","","","","","","","","","","","","","","","","","","","","","","","","","","","","","","","","","","","","","","","","","","","","","","","","",
"Somalia, Fed. Rep.","SOM","Carbon dioxide (CO2) emissions from Agriculture (Mt CO2e)","EN.GHG.CO2.AG.MT.CE.AR5","","","","","","","","","","","","","","","","","","","","","","","","","","","","","","","","","","","","","","","","","","","","","","","","","","","","","","","","","","","","","","","","","",
"Serbia","SRB","Carbon dioxide (CO2) emissions from Agriculture (Mt CO2e)","EN.GHG.CO2.AG.MT.CE.AR5","","","","","","","","","","","","","","","","","","","","","","","","","","","","","","","","","","","","","","","","","","","","","","","","","","","","","","","","","","","","","","","","","",
"Sub-Saharan Africa (excluding high income)","SSA","Carbon dioxide (CO2) emissions from Agriculture (Mt CO2e)","EN.GHG.CO2.AG.MT.CE.AR5","","","","","","","","","","","0.6803","0.6803","0.6803","0.6803","0.7561","0.8341","0.736","0.7076","0.648","0.7546","0.9173","1.0595","0.9655","0.8449","0.8937","0.923","0.7527","0.703","0.8612","0.7913","0.7884","0.7484","0.6993","0.8281","0.7569","0.5891","0.8648","0.8921","0.8999","0.9378","0.9663","1.0495","1.0608","0.9585","1.0798","0.9272","1.1703","1.0645","1.1291","1.1002","1.6139","1.2392","1.4442","2.4207","2.2946","1.9074","2.5194","2.9335","2.7264","2.7315","3.0097","4.0028","3.6449","3.7429","3.8555",
"South Sudan","SSD","Carbon dioxide (CO2) emissions from Agriculture (Mt CO2e)","EN.GHG.CO2.AG.MT.CE.AR5","","","","","","","","","","","","","","","","","","","","","","","","","","","","","","","","","","","","","","","","","","","","","","","","","","","","","","","","","","","","","","","","","",
"Sub-Saharan Africa","SSF","Carbon dioxide (CO2) emissions from Agriculture (Mt CO2e)","EN.GHG.CO2.AG.MT.CE.AR5","","","","","","","","","","","0.6941","0.6941","0.6941","0.6941","0.7701","0.8565","0.7583","0.7264","0.6685","0.7827","0.9464","1.089","0.9931","0.8767","0.9182","0.933","0.7765","0.7433","0.9005","0.8384","0.8352","0.7982","0.7585","0.8839","0.835","0.6788","1.0118","0.993","1.036","1.0813","1.1031","1.2438","1.2148","0.9905","1.2553","1.1152","1.3416","1.2374","1.2899","1.2809","1.8025","1.4697","1.769","2.7014","2.6344","2.3924","2.9842","3.2691","3.0782","3.0687","3.4158","4.2658","4.0981","4.2202","4.3582",
"Small states","SST","Carbon dioxide (CO2) emissions from Agriculture (Mt CO2e)","EN.GHG.CO2.AG.MT.CE.AR5","","","","","","","","","","","0.2064","0.2064","0.2064","0.2064","0.1754","0.1895","0.165","0.1617","0.1543","0.1559","0.1448","0.1497","0.1465","0.1605","0.1617","0.1547","0.1571","0.164","0.1501","0.1306","0.1291","0.1196","0.1217","0.1077","0.0979","0.0799","0.0917","0.0757","0.0758","0.0682","0.07","0.0828","0.0848","0.0661","0.0761","0.0668","0.0488","0.0403","0.0771","0.0914","0.072","0.0746","0.0761","0.1021","0.1118","0.1191","0.107","0.1083","0.1199","0.1111","0.111","0.0947","0.0877","0.0883","0.0891",
"Sao Tome and Principe","STP","Carbon dioxide (CO2) emissions from Agriculture (Mt CO2e)","EN.GHG.CO2.AG.MT.CE.AR5","","","","","","","","","","","","","","","","","","","","","","","","","","","","","","","","","","","","","","","","","","","","","","","","","","","","","","","","","","","","","","","","","",
"Suriname","SUR","Carbon dioxide (CO2) emissions from Agriculture (Mt CO2e)","EN.GHG.CO2.AG.MT.CE.AR5","","","","","","","","","","","","","","","","","","","","","","","","","","","","","","","","","","","","","","","","","","","","","","","","","","","","","","","","","","","","","","","","","",
"Slovak Republic","SVK","Carbon dioxide (CO2) emissions from Agriculture (Mt CO2e)","EN.GHG.CO2.AG.MT.CE.AR5","","","","","","","","","","","0.2225","0.2225","0.2225","0.2225","0.1958","0.2097","0.2074","0.2366","0.267","0.2679","0.3441","0.3221","0.3304","0.3763","0.3723","0.3537","0.3926","0.2321","0.4068","0.443","0.3861","0.0938","0.0758","0.0699","0.0826","0.0984","0.0707","0.0754","0.075","0.0536","0.06","0.0618","0.0701","0.1236","0.1058","0.1095","0.1121","0.1472","0.11","0.0822","0.1042","0.0681","0.0555","0.0618","0.0681","0.0763","0.0943","0.061","0.1066","0.0982","0.1273","0.1311","0.1185","0.1261","0.1367",
"Slovenia","SVN","Carbon dioxide (CO2) emissions from Agriculture (Mt CO2e)","EN.GHG.CO2.AG.MT.CE.AR5","","","","","","","","","","","0.0038","0.0038","0.0038","0.0038","0.0038","0.004","0.0042","0.0043","0.0045","0.0052","0.0049","0.005","0.0052","0.0043","0.0084","0.009","0.0065","0.0071","0.0052","0.0088","0.0071","0.0046","0.0094","0.0199","0.009","0.0212","0.0006","0.0118","0.0454","0.0531","0.0581","0.0536","0.0636","0.0627","0.0685","0.071","0.0512","0.0371","0.0251","0.033","0.0192","0.0019","0.0034","0.0027","0.0034","0.0025","0.0027","0.0029","0.0034","0.0034","0.0034","0.0224","0.0215","0.0215","0.0215",
"Sweden","SWE","Carbon dioxide (CO2) emissions from Agriculture (Mt CO2e)","EN.GHG.CO2.AG.MT.CE.AR5","","","","","","","","","","","0.0792","0.0792","0.0792","0.0792","0.0636","0.0805","0.0915","0.0677","0.0685","0.0808","0.066","0.0663","0.0588","0.063","0.0372","0.0475","0.0322","0.0253","0.0261","0.0204","0.0355","0.0644","0.1163","0.1446","0.1137","0.0948","0.099","0.0917","0.0901","0.0597","0.0503","0.0838","0.0754","0.0409","0.0409","0.0629","0.0566","0.0618","0.0534","0.0321","0.0346","0.0216","0.0115","0.0089","0.0238","0.0248","0.0123","0.0236","0.0168","0.0198","0.0182","0.0102","0.0097","0.0096","0.0095",
"Eswatini","SWZ","Carbon dioxide (CO2) emissions from Agriculture (Mt CO2e)","EN.GHG.CO2.AG.MT.CE.AR5","","","","","","","","","","","","","","","","","","","","","","","","","","","","","","","","","","","","","","","","","","","","","","","","","","","","","","","","","","","","","","","","","",
"Sint Maarten (Dutch part)","SXM","Carbon dioxide (CO2) emissions from Agriculture (Mt CO2e)","EN.GHG.CO2.AG.MT.CE.AR5","","","","","","","","","","","","","","","","","","","","","","","","","","","","","","","","","","","","","","","","","","","","","","","","","","","","","","","","","","","","","","","","","",
"Seychelles","SYC","Carbon dioxide (CO2) emissions from Agriculture (Mt CO2e)","EN.GHG.CO2.AG.MT.CE.AR5","","","","","","","","","","","","","","","","","","","","","","","","","","","","","","","","","","","","","","","","","","","","","","","","","","","","","","","","","","","","","","","","","",
"Syrian Arab Republic","SYR","Carbon dioxide (CO2) emissions from Agriculture (Mt CO2e)","EN.GHG.CO2.AG.MT.CE.AR5","","","","","","","","","","","0.0858","0.0858","0.0858","0.0858","0.0789","0.0478","0.088","0.0943","0.1241","0.1542","0.242","0.1788","0.1495","0.1652","0.1648","0.195","0.1818","0.2488","0.2122","0.1997","0.2577","0.1603","0.2854","0.2687","0.3913","0.5076","0.4705","0.4204","0.3241","0.4345","0.4735","0.2719","0.3089","0.3089","0.4997","0.4714","0.3176","0.3774","0.2925","0.3215","0.2506","0.2411","0.181","0.0302","0.0402","0.0006","0.0006","0.0582","0.0354","0.042","0.0701","0.0382","0.0481","0.0461","0.0441",
"Turks and Caicos Islands","TCA","Carbon dioxide (CO2) emissions from Agriculture (Mt CO2e)","EN.GHG.CO2.AG.MT.CE.AR5","","","","","","","","","","","","","","","","","","","","","","","","","","","","","","","","","","","","","","","","","","","","","","","","","","","","","","","","","","","","","","","","","",
"Chad","TCD","Carbon dioxide (CO2) emissions from Agriculture (Mt CO2e)","EN.GHG.CO2.AG.MT.CE.AR5","","","","","","","","","","","","","","","","","","","","","","","","","","","","","","","","","","","","","","","","","","","","","","","","","","","","","","","","","","","","","","","","","",
"East Asia & Pacific (IDA & IBRD countries)","TEA","Carbon dioxide (CO2) emissions from Agriculture (Mt CO2e)","EN.GHG.CO2.AG.MT.CE.AR5","","","","","","","","","","","6.1097","6.1097","6.1097","6.1097","5.6444","7.3014","7.7054","9.0896","10.2003","12.2965","13.6876","13.6789","14.6967","16.2191","17.9297","17.1734","17.0653","19.8223","22.2486","22.4734","24.3563","24.8968","25.7851","22.5866","25.4132","30.9972","33.1212","31.5545","33.5718","35.4571","33.9048","34.2504","41.7057","39.8032","41.4777","32.3414","34.0404","32.8205","31.0515","37.81","33.856","37.1359","38.9346","40.1215","36.1247","38.9318","32.2498","29.9516","30.7582","31.5378","30.1266","30.676","29.4973","29.5755","29.8518",
"Europe & Central Asia (IDA & IBRD countries)","TEC","Carbon dioxide (CO2) emissions from Agriculture (Mt CO2e)","EN.GHG.CO2.AG.MT.CE.AR5","","","","","","","","","","","15.5702","15.5702","15.5702","15.5702","16.5467","17.7145","18.0481","19.0708","20.2212","20.4659","21.2316","21.521","21.375","22.6684","21.7093","21.8774","21.8873","22.3141","21.8014","18.991","16.4657","14.3403","13.7994","13.1244","11.7929","10.7911","10.2798","9.8248","8.438","8.6735","8.9446","8.8494","8.2268","9.1033","9.3825","9.6","10.4811","11.6226","12.8971","14.3604","14.3448","15.4383","16.4442","16.4546","16.1338","17.1011","19.3934","18.0476","18.1155","19.5566","21.7489","18.4642","18.593","17.9619","17.6955",
"Togo","TGO","Carbon dioxide (CO2) emissions from Agriculture (Mt CO2e)","EN.GHG.CO2.AG.MT.CE.AR5","","","","","","","","","","","","","","","","","","","","","","","","","","","","","","","","","","","","","","","","","","","","","","","","","","","","","","","","","","","","","","","","","",
"Thailand","THA","Carbon dioxide (CO2) emissions from Agriculture (Mt CO2e)","EN.GHG.CO2.AG.MT.CE.AR5","","","","","","","","","","","0.0896","0.0896","0.0896","0.0896","0.0904","0.1334","0.315","0.2582","0.2808","0.2425","0.2698","0.3722","0.4664","0.633","0.549","0.5792","0.5707","0.6185","0.6584","0.7009","0.803","0.9061","0.948","1.1629","1.1712","1.21","1.3446","1.4777","2.0727","2.25","1.7471","2.0562","2.1037","2.1295","2.0601","2.1933","1.9273","1.9852","1.8621","2.3072","2.5267","2.6314","2.6251","2.7376","2.4454","2.2479","2.4873","2.7322","2.6732","2.2017","2.2983","2.186","2.0378","1.9559","1.8921",
"Tajikistan","TJK","Carbon dioxide (CO2) emissions from Agriculture (Mt CO2e)","EN.GHG.CO2.AG.MT.CE.AR5","","","","","","","","","","","0.1273","0.1273","0.1273","0.1273","0.138","0.138","0.146","0.1638","0.1678","0.1726","0.1772","0.1777","0.1775","0.1889","0.1891","0.1934","0.2007","0.2056","0.1909","0.1556","0.146","0.1365","0.1269","0.1173","0.1078","0.0982","0.0886","0.1041","0.0801","0.0269","0.0322","0.0302","0.0487","0.0427","0.0332","0.0327","0.0255","0.021","0.0198","0.033","0.033","0.0303","0.0116","0.006","0.0228","0.0206","0.0087","0.1127","0.1021","0.0646","0.0916","0.0361","0.0536","0.0511","0.0487",
"Turkmenistan","TKM","Carbon dioxide (CO2) emissions from Agriculture (Mt CO2e)","EN.GHG.CO2.AG.MT.CE.AR5","","","","","","","","","","","0.3283","0.3283","0.3283","0.3283","0.3561","0.3561","0.3766","0.4225","0.4328","0.4452","0.4569","0.4583","0.4578","0.4872","0.4876","0.4988","0.5177","0.5303","0.4924","0.4014","0.3767","0.352","0.3273","0.3026","0.2779","0.2532","0.2285","0.4997","0.1791","0.2269","0.2527","0.2502","0.2907","0.3096","0.333","0.3641","0.5216","0.55","0.55","0.5594","0.5657","0.5657","0.5814","0.8369","0.8668","0.924","0.8357","0.8144","0.816","0.8855","0.9141","0.8748","0.8462","0.8427","0.8391",
"Latin America & the Caribbean (IDA & IBRD countries)","TLA","Carbon dioxide (CO2) emissions from Agriculture (Mt CO2e)","EN.GHG.CO2.AG.MT.CE.AR5","","","","","","","","","","","3.5923","3.5923","3.5923","3.5923","3.747","4.0116","4.7809","5.4414","5.4281","5.9003","6.1691","6.2896","6.1599","5.507","6.5769","6.8063","7.4269","7.598","7.113","6.9463","7.0137","6.4517","6.9629","7.4604","8.2944","8.4302","9.7967","10.3334","10.4751","10.3393","11.6788","11.3082","10.6131","12.4976","12.5469","11.3906","12.2799","14.1018","12.6658","12.9877","13.2166","15.5687","15.2742","16.1636","16.5988","15.9631","17.7672","17.3879","17.1794","18.1271","20.5068","22.5687","21.1023","21.1565","21.4897",
"Timor-Leste","TLS","Carbon dioxide (CO2) emissions from Agriculture (Mt CO2e)","EN.GHG.CO2.AG.MT.CE.AR5","","","","","","","","","","","","","","","","","","","","","","","","","","","","","","","","","","","","","","","","","","","","","","","","","","","","","","","","","","","","","","","","","",
"Middle East, North Africa, Afghanistan & Pakistan (IDA & IBRD)","TMN","Carbon dioxide (CO2) emissions from Agriculture (Mt CO2e)","EN.GHG.CO2.AG.MT.CE.AR5","","","","","","","","","","","2.465","2.465","2.465","2.465","2.453","2.5743","2.8932","3.1303","3.2432","4.0058","4.3575","4.1661","4.5546","4.6233","4.6109","4.9388","6.0155","5.9179","5.9606","6.5152","6.293","6.404","6.9061","7.1324","7.0393","8.242","8.1543","8.5418","8.7434","8.8057","9.2902","9.2769","9.5567","9.0748","10.3519","10.4482","9.9407","9.8964","10.0998","10.975","10.3025","10.037","9.2315","9.6418","10.1282","8.9496","11.2094","11.2863","11.5077","11.1312","11.0952","10.6246","10.3318","10.2567","10.2536",
"Tonga","TON","Carbon dioxide (CO2) emissions from Agriculture (Mt CO2e)","EN.GHG.CO2.AG.MT.CE.AR5","","","","","","","","","","","","","","","","","","","","","","","","","","","","","","","","","","","","","","","","","","","","","","","","","","","","","","","","","","","","","","","","","",
"South Asia (IDA & IBRD)","TSA","Carbon dioxide (CO2) emissions from Agriculture (Mt CO2e)","EN.GHG.CO2.AG.MT.CE.AR5","","","","","","","","","","","2.8704","2.8704","2.8704","2.8704","3.6386","3.5001","3.9907","4.8521","5.1662","6.0591","5.998","6.3943","6.8415","7.8433","9.0202","9.6026","11.0198","9.8486","12.2161","12.5735","13.1033","13.8941","14.5422","15.0612","16.1171","16.8898","17.9555","18.781","19.5211","20.2226","18.8907","19.528","18.1306","19.1837","20.2417","21.5091","23.2335","24.4313","25.425","25.9881","27.5261","28.1031","28.1004","27.9161","28.3312","28.8453","27.7848","28.3384","29.5722","31.8435","33.8221","32.231","33.5938","34.8177","35.7702",
"Sub-Saharan Africa (IDA & IBRD countries)","TSS","Carbon dioxide (CO2) emissions from Agriculture (Mt CO2e)","EN.GHG.CO2.AG.MT.CE.AR5","","","","","","","","","","","0.6941","0.6941","0.6941","0.6941","0.7701","0.8565","0.7583","0.7264","0.6685","0.7827","0.9464","1.089","0.9931","0.8767","0.9182","0.933","0.7765","0.7433","0.9005","0.8384","0.8352","0.7982","0.7585","0.8839","0.835","0.6788","1.0118","0.993","1.036","1.0813","1.1031","1.2438","1.2148","0.9905","1.2553","1.1152","1.3416","1.2374","1.2899","1.2809","1.8025","1.4697","1.769","2.7014","2.6344","2.3924","2.9842","3.2691","3.0782","3.0687","3.4158","4.2658","4.0981","4.2202","4.3582",
"Trinidad and Tobago","TTO","Carbon dioxide (CO2) emissions from Agriculture (Mt CO2e)","EN.GHG.CO2.AG.MT.CE.AR5","","","","","","","","","","","0.044","0.044","0.044","0.044","0.0333","0.027","0.027","0.0214","0.0281","0.027","0.0218","0.0157","0.0145","0.0132","0.0086","0.0038","0.0025","0.0025","0.0005","0.0008","0.0086","0.0086","0.0101","0.0039","0.0031","0.0031","0.0079","0.0079","0.0072","0.0072","0.0079","0.0079","0.0031","0.0031","0.0079","0.0079","0.0079","0.0079","0.0075","0.0079","0.0079","0.0079","0.0094","0.0094","0.0094","0.0094","0.0094","0.0094","0.0094","0.0094","0.0094","0.0094","0.0094","0.0094","0.0094",
"Tunisia","TUN","Carbon dioxide (CO2) emissions from Agriculture (Mt CO2e)","EN.GHG.CO2.AG.MT.CE.AR5","","","","","","","","","","","0.0608","0.0608","0.0608","0.0608","0.0698","0.0717","0.0673","0.0723","0.0827","0.0792","0.0817","0.0962","0.1172","0.1031","0.1356","0.14","0.1593","0.1574","0.1399","0.1482","0.1123","0.1557","0.1623","0.1518","0.1358","0.1152","0.155","0.1535","0.1877","0.1928","0.1826","0.1624","0.1592","0.1676","0.1928","0.2053","0.231","0.2237","0.1957","0.2294","0.2357","0.2451","0.2535","0.1499","0.1717","0.1976","0.279","0.2072","0.2393","0.2077","0.1474","0.1979","0.2647","0.2163","0.2207",
"Turkiye","TUR","Carbon dioxide (CO2) emissions from Agriculture (Mt CO2e)","EN.GHG.CO2.AG.MT.CE.AR5","","","","","","","","","","","0.7182","0.7182","0.7182","0.7182","0.4942","0.7376","1.02","0.9637","0.9807","1.2905","1.1863","0.9681","1.0641","1.1464","1.0673","0.9981","1.0755","1.2256","1.1014","1.2018","1.2903","1.4199","1.4682","1.4944","1.0211","1.1676","1.2641","1.4128","1.757","2.0199","1.6682","1.6004","1.7494","2.0099","2.0746","2.1246","2.2667","2.1178","1.781","2.4956","2.3306","2.1144","2.4543","2.7597","2.5178","2.5154","3.3062","2.7021","2.2299","2.3471","2.9858","2.3106","2.1301","2.1691","2.1211",
"Tuvalu","TUV","Carbon dioxide (CO2) emissions from Agriculture (Mt CO2e)","EN.GHG.CO2.AG.MT.CE.AR5","","","","","","","","","","","","","","","","","","","","","","","","","","","","","","","","","","","","","","","","","","","","","","","","","","","","","","","","","","","","","","","","","",
"Tanzania","TZA","Carbon dioxide (CO2) emissions from Agriculture (Mt CO2e)","EN.GHG.CO2.AG.MT.CE.AR5","","","","","","","","","","","0.0398","0.0398","0.0398","0.0398","0.0597","0.0544","0.0438","0.0619","0.0427","0.0707","0.0654","0.066","0.0574","0.0473","0.0434","0.0481","0.0482","0.0583","0.052","0.0501","0.0654","0.0644","0.0514","0.0655","0.0676","0.022","0.043","0.0449","0.0376","0.0274","0.0293","0.0246","0.0205","0.0345","0.0736","0.0502","0.06","0.0525","0.0497","0.074","0.1107","0.0573","0.086","0.1682","0.1196","0.0877","0.1475","0.1599","0.2022","0.1219","0.2831","0.138","0.2621","0.2664","0.2709",
"Uganda","UGA","Carbon dioxide (CO2) emissions from Agriculture (Mt CO2e)","EN.GHG.CO2.AG.MT.CE.AR5","","","","","","","","","","","","","","","","","","","","","","","","","","","","","","","","","","","","","","","","","","","","","","","","","","","","","","","","","","","","","","","","","",
"Ukraine","UKR","Carbon dioxide (CO2) emissions from Agriculture (Mt CO2e)","EN.GHG.CO2.AG.MT.CE.AR5","","","","","","","","","","","2.0765","2.0765","2.0765","2.0765","2.2441","2.2441","2.364","2.6364","2.6885","2.7575","2.8638","2.8702","2.8662","3.0445","3.041","3.1016","3.2041","3.2869","3.0652","2.5057","2.3454","2.1852","2.0249","1.8647","1.7045","1.5442","1.384","1.2237","1.0635","1.067","0.9968","1.0894","0.8904","0.9493","0.995","0.9983","1.0401","1.3511","1.5432","1.5352","1.5107","2.1687","2.2029","2.2438","2.1338","2.0056","2.5457","2.7558","2.5581","3.0775","3.0292","2.8605","0.9403","0.8381","0.772",
"Upper middle income","UMC","Carbon dioxide (CO2) emissions from Agriculture (Mt CO2e)","EN.GHG.CO2.AG.MT.CE.AR5","","","","","","","","","","","13.3754","13.3754","13.3754","13.3754","13.1849","15.3755","17.0488","19.4157","20.5096","23.9852","25.8871","25.9554","26.7261","27.5426","30.5132","29.7474","30.2282","33.184","34.3314","34.4499","35.772","35.4757","37.017","33.6372","36.0469","41.7508","44.6642","44.0964","46.1523","47.9442","47.0928","47.4649","54.1821","54.0007","55.5709","45.6718","49.2967","49.2811","47.6252","54.7769","51.1425","56.4987","57.9983","60.4542","56.8864","57.8012","54.894","52.0375","52.118","54.3972","56.0628","57.1277","52.8133","53.0294","53.5045",
"Uruguay","URY","Carbon dioxide (CO2) emissions from Agriculture (Mt CO2e)","EN.GHG.CO2.AG.MT.CE.AR5","","","","","","","","","","","0.0129","0.0129","0.0129","0.0129","0.0124","0.0098","0.0241","0.0159","0.0103","0.0232","0.0181","0.0298","0.037","0.028","0.0318","0.0305","0.0187","0.0274","0.0563","0.0455","0.0518","0.053","0.058","0.0581","0.0424","0.0377","0.0885","0.0849","0.1018","0.0746","0.0651","0.0704","0.0706","0.1133","0.1051","0.1044","0.1044","0.1094","0.1002","0.1101","0.1154","0.1383","0.2835","0.2454","0.1789","0.2048","0.1992","0.211","0.2696","0.2834","0.3585","0.6021","0.5057","0.5483","0.5973",
"United States","USA","Carbon dioxide (CO2) emissions from Agriculture (Mt CO2e)","EN.GHG.CO2.AG.MT.CE.AR5","","","","","","","","","","","3.2181","3.2181","3.2181","3.2181","3.0165","3.6306","3.8147","3.5208","3.6795","3.7197","4.0575","3.7035","3.376","3.925","3.9085","4.0707","3.9498","4.1384","4.27","4.5317","4.3224","4.4652","4.7725","4.9277","4.899","4.9757","4.9561","5.2805","5.2582","5.2651","5.3927","5.6406","5.7585","6.0074","5.6151","5.4626","5.8554","5.4972","5.0571","5.3275","5.9474","6.1615","6.4695","6.2362","6.2972","6.691","6.7303","6.7666","6.5073","6.7387","6.8019","6.42","6.8973","6.804","6.8367",
"Uzbekistan","UZB","Carbon dioxide (CO2) emissions from Agriculture (Mt CO2e)","EN.GHG.CO2.AG.MT.CE.AR5","","","","","","","","","","","2.3768","2.3768","2.3768","2.3768","2.5238","2.5238","2.6042","2.8199","2.8054","2.8337","3.1317","3.1261","3.1166","3.2783","3.2418","3.2529","3.2797","3.3904","3.2352","2.6846","2.4789","2.2733","2.0676","1.8619","1.6563","1.4506","1.2449","1.0393","0.8336","0.805","0.8554","0.6961","0.7615","0.8223","0.8536","0.8964","1.174","1.3543","1.5718","1.4087","1.6688","1.6638","1.7801","1.8044","1.8092","1.8795","1.9679","1.4615","1.7918","1.8242","1.9178","1.7903","1.8001","1.758","1.7694",
"St. Vincent and the Grenadines","VCT","Carbon dioxide (CO2) emissions from Agriculture (Mt CO2e)","EN.GHG.CO2.AG.MT.CE.AR5","","","","","","","","","","","","","","","","","","","","","","","","","","","","","","","","","","","","","","","","","","","","","","","","","","","","","","","","","","","","","","","","","",
"Venezuela, RB","VEN","Carbon dioxide (CO2) emissions from Agriculture (Mt CO2e)","EN.GHG.CO2.AG.MT.CE.AR5","","","","","","","","","","","0.095","0.095","0.095","0.095","0.0924","0.1269","0.1199","0.1638","0.2009","0.1676","0.1635","0.1054","0.1006","0.1113","0.1657","0.2305","0.2878","0.3385","0.3353","0.2966","0.2779","0.2801","0.2326","0.2231","0.2242","0.2792","0.2891","0.2843","0.2454","0.1729","0.2315","0.2425","0.3195","0.3195","0.3415","0.3745","0.3127","0.3462","0.3489","0.3985","0.4113","0.4228","0.4169","0.2804","0.3292","0.3017","0.2621","0.3023","0.1053","0.1736","0.15","0.1421","0.0904","0.055","0.0345",
"British Virgin Islands","VGB","Carbon dioxide (CO2) emissions from Agriculture (Mt CO2e)","EN.GHG.CO2.AG.MT.CE.AR5","","","","","","","","","","","","","","","","","","","","","","","","","","","","","","","","","","","","","","","","","","","","","","","","","","","","","","","","","","","","","","","","","",
"Virgin Islands (U.S.)","VIR","Carbon dioxide (CO2) emissions from Agriculture (Mt CO2e)","EN.GHG.CO2.AG.MT.CE.AR5","","","","","","","","","","","","","","","","","","","","","","","","","","","","","","","","","","","","","","","","","","","","","","","","","","","","","","","","","","","","","","","","","",
"Viet Nam","VNM","Carbon dioxide (CO2) emissions from Agriculture (Mt CO2e)","EN.GHG.CO2.AG.MT.CE.AR5","","","","","","","","","","","0.2247","0.2247","0.2247","0.2247","0.2043","0.3709","0.4455","0.5186","0.4039","0.3127","0.2923","0.3911","0.4967","0.7517","0.7","0.6704","0.7944","0.6714","0.8532","0.8422","0.9081","1.049","0.9573","0.9412","1.4724","1.2626","1.5633","1.4175","1.9795","1.9655","2.1827","1.8815","2.2868","2.2002","2.501","2.1348","1.9654","2.1518","1.7757","2.3886","2.2367","2.399","2.6981","2.9189","2.7306","3.4114","2.8193","2.8976","2.852","2.8271","2.0341","3.0374","2.3906","2.2228","2.1665",
"Vanuatu","VUT","Carbon dioxide (CO2) emissions from Agriculture (Mt CO2e)","EN.GHG.CO2.AG.MT.CE.AR5","","","","","","","","","","","","","","","","","","","","","","","","","","","","","","","","","","","","","","","","","","","","","","","","","","","","","","","","","","","","","","","","","",
"World","WLD","Carbon dioxide (CO2) emissions from Agriculture (Mt CO2e)","EN.GHG.CO2.AG.MT.CE.AR5","","","","","","","","","","","50.083941052279","50.083941052279","50.083941052279","50.083941052279","50.684488687401","55.325283455761","58.498206988792","62.953206505652","67.31884409911","73.343595976023","76.950600312611","77.657690557731","78.949823673251","83.300742185459","86.805341762569","87.91403658672","91.117445677771","92.028402526127","96.232496986327","94.877296792822","92.408676527443","90.345589485849","90.025425861008","88.184854689327","91.277938583332","97.937744804696","103.31744537123","103.02945091914","104.6955872481","108.2631841637","107.02767802892","108.41556033103","113.34434811294","114.83148432566","119.22198111098","108.57124340471","112.74371651708","116.35058061298","114.31117956159","124.8715514528","123.73625519892","130.65426660736","133.73971403003","137.36562764584","134.47194721084","137.57572796433","136.71626147647","134.63867622378","134.42276200344","140.17623275078","145.67817037596","142.28027049582","140.59882085538","142.00671577711","143.47393777722",
"Samoa","WSM","Carbon dioxide (CO2) emissions from Agriculture (Mt CO2e)","EN.GHG.CO2.AG.MT.CE.AR5","","","","","","","","","","","","","","","","","","","","","","","","","","","","","","","","","","","","","","","","","","","","","","","","","","","","","","","","","","","","","","","","","",
"Kosovo","XKX","Carbon dioxide (CO2) emissions from Agriculture (Mt CO2e)","EN.GHG.CO2.AG.MT.CE.AR5","","","","","","","","","","","","","","","","","","","","","","","","","","","","","","","","","","","","","","","","","","","","","","","","","","","","","","","","","","","","","","","","","",
"Yemen, Rep.","YEM","Carbon dioxide (CO2) emissions from Agriculture (Mt CO2e)","EN.GHG.CO2.AG.MT.CE.AR5","","","","","","","","","","","","","","","","","","","","","","","","","","","","","","","","","","","","","","","","","","","","","","","","","","","","","","","","","","","","","","","","","",
"South Africa","ZAF","Carbon dioxide (CO2) emissions from Agriculture (Mt CO2e)","EN.GHG.CO2.AG.MT.CE.AR5","","","","","","","","","","","0.1554","0.1554","0.1554","0.1554","0.1724","0.1939","0.1994","0.2238","0.227","0.2058","0.2722","0.3297","0.3153","0.2505","0.2447","0.1855","0.1933","0.1995","0.1842","0.172","0.1569","0.1795","0.1841","0.1904","0.187","0.1996","0.2488","0.2572","0.3138","0.3169","0.3126","0.3054","0.4243","0.44","0.4666","0.3721","0.4678","0.4693","0.4269","0.4421","0.406","0.4431","0.4866","0.6392","0.835","0.7112","0.8409","1.0881","0.8963","0.7726","0.9685","1.465","1.2667","1.2777","1.2755",
"Zambia","ZMB","Carbon dioxide (CO2) emissions from Agriculture (Mt CO2e)","EN.GHG.CO2.AG.MT.CE.AR5","","","","","","","","","","","0.0346","0.0346","0.0346","0.0346","0.0569","0.0506","0.0619","0.0671","0.044","0.0534","0.0687","0.0773","0.0676","0.0515","0.0418","0.0613","0.0652","0.071","0.0658","0.0685","0.046","0.049","0.0795","0.1042","0.0496","0.0435","0.0393","0.0451","0.0149","0.02","0.0094","0.0075","0.0124","0.0157","0.0112","0.0214","0.0327","0.0327","0.044","0.0621","0.1476","0.1874","0.1264","0.2072","0.2211","0.1739","0.1863","0.1495","0.1326","0.2099","0.1841","0.3074","0.2393","0.2517","0.2651",
"Zimbabwe","ZWE","Carbon dioxide (CO2) emissions from Agriculture (Mt CO2e)","EN.GHG.CO2.AG.MT.CE.AR5","","","","","","","","","","","0.22","0.22","0.22","0.22","0.2357","0.2357","0.1886","0.1378","0.1719","0.1857","0.1713","0.1873","0.1996","0.1749","0.1661","0.2044","0.182","0.1611","0.1939","0.1964","0.2081","0.2087","0.1468","0.2225","0.2055","0.154","0.2043","0.198","0.2011","0.1949","0.2005","0.187","0.1571","0.0471","0.0471","0.0471","0.0503","0.0786","0.0723","0.0597","0.1082","0.0959","0.0691","0.0994","0.0918","0.1181","0.1173","0.069","0.0862","0.0623","0.0748","0.1043","0.0474","0.0407","0.0353",
